Brand	Mold	Type	Speed	Glide	Turn	Fade	In Prod.	Date Approved	Max Weight (gr)	Diameter (cm)	Height (cm)	Rim Depth (cm)	Inside Rim Diameter (cm)	Rim Thickness (cm)	Rim Depth / Diameter Ratio (%)	Rim Configuration	Flexibility (kg)	Certification Number
ABC Discs	Bee Line	Distance	14.0	5.0	-3.0	2.0	Yes	2012-09-12	175.1	21.1	1.6	1.1	16.2	2.5	5.2	26.25	8.39	12-36
ABC Discs	Flying Squirrel	Midrange	6.0	5.0	-3.0	2.0	Yes	2010-05-29	181.8	21.9	2.0	1.4	19.4	1.3	6.4	30.75	3.52	10-13
ABC Discs	Mission	Midrange	4.0	5.0	-1.0	2.0	Yes	2010-07-27	180.9	21.8	2.0	1.4	19.4	1.2	6.4	39.25	6.12	10-22
ABC Discs	Money	Putter	2.0	3.0	0.0	2.0	Yes	2010-04-09	174.3	21.0	2.2	1.7	19.0	1.0	8.1	56.5	11.11	10-08
ABC Discs	Secret Weapon	Distance	10.0	5.0	-3.0	2.0	Yes	2010-05-29	175.1	21.1	2.0	1.1	17.3	1.9	5.2	26.75	7.26	10-14
Above Ground Level	Cypress	Distance	12.0	5.0	-2.0	2.0	Yes	2017-04-03	176.0	21.2	1.5	1.1	16.7	2.2	5.2	26.75	7.03	17-37
Above Ground Level	Madrone	Putter	3.0	3.0	0.0	1.0	Yes	2018-11-23	174.3	21.0	2.2	1.7	19.0	1.0	8.1	83.5	8.16	18-81
Above Ground Level	Manzanita	Putter	3.0	3.0	0.0	2.0	Yes	2018-11-23	174.3	21.0	2.1	1.6	18.7	1.1	7.6	67.0	9.41	18-82
Aerobie	Epic Driver	Distance	11.0	3.0	-2.0	4.0	Yes	2003-04-16	175.1	21.1	1.4	1.1	14.5	4.1	5.2	26.5	12.02	03-07
AquaFlight Discs	Dragonfly	Midrange	5.0	4.0	-3.0	1.0	Yes	2015-02-06	174.3	21.0	1.6	1.1	19.1	1.4	5.2	43.0	8.05	15-24
AquaFlight Discs	Osprey	Distance	12.0	4.0	-1.0	2.0	Yes	2016-01-07	174.3	21.0	1.6	1.2	16.4	2.3	5.7	28.0	11.91	16-02
AquaFlight Discs	Peace Frog	Putter	3.0	3.0	0.0	1.0	Yes	2015-02-06	174.3	21.0	2.2	1.6	19.1	1.0	7.6	63.75	5.67	15-25
AquaFlight Discs	Pelican	Fairway	6.0	5.0	-3.0	1.0	Yes	2016-01-07	175.1	21.1	2.0	1.2	17.7	1.7	5.7	29.5	9.19	16-03
AquaFlight Discs	Swift	Fairway	7.0	5.0	-2.0	1.0	Yes	2015-02-06	174.3	21.0	1.6	1.1	17.1	1.9	5.2	30.0	12.02	15-26
Arsenal Discs	50 Cal	Distance	10.0	4.0	-2.0	2.0	Yes	2017-07-13	175.1	21.1	1.6	1.2	17.2	2.0	5.7	31.75	9.3	17-83
Arsenal Discs	Air Strike	Distance	12.0	5.0	-3.0	3.0	Yes	2017-07-13	174.3	21.0	1.5	1.2	16.3	2.3	5.7	26.25	7.03	17-84
Arsenal Discs	C4	Putter	3.0	3.0	0.0	1.0	Yes	2017-07-13	175.1	21.1	1.9	1.3	19.1	1.0	6.2	50.0	8.65	17-85
Arsenal Discs	Cyborg	Fairway	9.0	5.0	-4.0	1.0	Yes	2017-07-13	174.3	21.0	1.6	1.2	17.4	1.8	5.7	30.75	8.85	17-86
Arsenal Discs	Morningstar	Midrange	5.0	4.0	-1.0	2.0	Yes	2017-07-13	180.1	21.7	1.9	1.3	19.1	1.3	6.0	43.75	7.71	17-87
Axiom Discs	Alias	Midrange	4.0	4.0	-1.0	1.0	Yes	2014-01-12	178.5	21.5	1.8	1.2	19.1	1.2	5.6	61.5	8.96	14-03
Axiom Discs	Clash	Fairway	6.5	4.0	-1.0	2.0	Yes	2014-06-10	175.1	21.1	1.4	1.1	17.5	1.8	5.2	33.5	9.41	14-54
Axiom Discs	Crave	Fairway 	6.5	5.0	-1.0	1.0	Yes	2014-03-09	175.1	21.1	1.4	1.2	17.4	1.8	5.7	27.75	9.98	14-16
Axiom Discs	Defy	Distance	11.0	5.0	-1.0	3.0	Yes	2016-04-21	175.1	21.1	1.5	1.1	16.7	2.2	5.2	26.0	9.3	16-36
Axiom Discs	Envy	Putter	3.0	3.0	0.0	2.0	Yes	2014-01-12	174.3	21.0	1.8	1.4	18.8	1.1	6.7	52.0	8.73	14-04
Axiom Discs	Excite	Distance	14.5	5.5	-2.0	2.0	Yes	2018-03-25	175.1	21.1	2.1	1.2	15.9	2.5	5.7	27.0	11.91	18-36
Axiom Discs	Fireball	Fairway	9.0	3.5	-0.5	4.0	Yes	2014-12-19	175.1	21.1	1.4	1.1	17.1	2.0	5.2	29.5	9.07	14-94
Axiom Discs	Insanity	Fairway	9.0	5.0	-2.0	1.5	Yes	2014-12-19	175.1	21.1	1.4	1.1	17.0	2.0	5.2	27.0	8.28	14-95
Axiom Discs	Inspire	Fairway	6.5	5.0	-1.5	1.0	Yes	2014-03-22	175.1	21.1	1.5	1.2	17.4	1.8	5.7	32.75	9.87	14-20
Axiom Discs	Mayhem	Distance	13.0	5.0	-1.5	2.0	Yes	2017-04-13	176.0	21.2	1.9	1.2	16.3	2.4	5.7	27.5	12.13	17-48
Axiom Discs	Panic	Distance	13.0	4.0	-0.5	3.0	Yes	2017-04-03	175.1	21.1	1.7	1.2	16.3	2.4	5.7	26.25	12.25	17-45
Axiom Discs	Proxy	Putter	3.0	3.0	-1.0	0.5	Yes	2014-09-24	174.3	21.0	1.8	1.5	18.8	1.1	7.1	63.5	6.58	14-74
Axiom Discs	Tantrum	Distance	14.5	5.0	-1.5	3.0	Yes	2018-03-15	175.1	21.1	1.9	1.2	16.0	2.5	5.7	26.75	12.13	18-25
Axiom Discs	Tenacity	Distance	13.0	5.0	-2.5	2.0	Yes	2017-04-13	175.1	21.1	1.9	1.2	16.3	2.4	5.7	26.75	11.57	17-49
Axiom Discs	Theory	Midrange	4.0	4.0	-1.5	1.0	Yes	2014-09-24	178.5	21.5	1.9	1.3	19.1	1.2	6.0	50.0	6.35	14-75
Axiom Discs	Thrill	Distance	11.0	4.0	-1.0	3.0	Yes	2016-04-21	175.1	21.1	1.5	1.1	16.7	2.2	5.2	26.0	9.53	16-37
Axiom Discs	Vanish	Distance	11.0	5.0	-3.0	2.0	Yes	2016-04-06	175.1	21.1	1.5	1.1	16.6	2.2	5.2	27.75	8.98	16-30
Axiom Discs	Virus	Fairway	9.0	5.0	-3.5	1.0	Yes	2014-12-19	176.0	21.2	1.4	1.1	17.0	2.0	5.2	29.5	7.94	14-96
Axiom Discs	Wrath	Fairway	9.0	4.5	-0.5	2.0	Yes	2014-12-19	175.1	21.1	1.4	1.1	17.0	2.0	5.2	30.25	8.05	14-97
Black Zombie Disc Golf	Berzerker	Distance	12.0	4.0	0.0	3.0	Yes	2018-05-31	177.6	21.4	1.6	1.1	17.0	2.2	5.1	29.5	10.55	18-47
Black Zombie Disc Golf	Chainsaw	Putter	3.0	5.0	0.0	1.0	Yes	2016-01-07	174.3	21.0	2.2	1.5	19.1	1.0	7.1	66.5	11.0	16-01
Black Zombie Disc Golf	Crossbow	Midrange	5.0	5.0	-1.0	1.0	Yes	2018-02-26	181.8	21.9	1.6	1.2	19.1	1.4	5.5	32.75	8.85	18-26
Crosslap Discgolf Parks	Credo	Putter	3.0	2.0	0.0	3.0	Yes	2011-06-26	180.1	21.7	2.0	1.6	19.3	1.2	7.4	49.75	7.26	11-30
Crosslap Discgolf Parks	Lucky	Midrange	5.0	5.0	-2.0	1.0	Yes	2012-04-22	180.1	21.7	1.7	1.3	19.1	1.3	6.0	43.5	5.33	12-18
Daredevil Discs	Albatross	Distance	14.0	4.0	0.0	5.0	Yes	2017-04-03	174.3	21.0	1.6	1.1	16.4	2.3	5.2	26.5	8.39	17-43
Daredevil Discs	Beaver	Putter	2.0	3.0	0.0	1.0	Yes	2007-01-19	176.0	21.2	2.2	1.6	19.3	0.9	7.5	50.5	3.97	07-06
Daredevil Discs	Bigfoot	Distance	13.0	5.0	-2.0	2.0	Yes	2012-06-05	175.1	21.1	1.6	1.1	16.1	2.5	5.2	26.0	6.69	12-29
Daredevil Discs	Bighorn	Putter	2.0	3.0	0.0	1.0	Yes	2016-08-25	176.0	21.2	2.2	1.6	19.2	1.5	7.5	67.75	8.62	16-89
Daredevil Discs	Buffalo	Fairway	9.0	4.0	-1.0	5.0	Yes	2014-10-31	174.3	21.0	1.6	1.2	17.0	2.0	5.7	34.0	8.85	14-84
Daredevil Discs	Caribou	Midrange	4.0	5.0	-3.0	1.0	Yes	2007-06-12	180.9	21.8	2.1	1.3	19.3	1.3	6.0	40.75	7.14	07-33
Daredevil Discs	Gray Jay	Distance	14.0	4.0	0.0	5.0	Yes	2017-06-11	174.3	21.0	1.4	1.1	16.3	2.3	5.2	28.5	4.85	17-73
Daredevil Discs	Great Horned Owl	Putter	2.0	3.0	0.0	1.0	Yes	2016-04-21	176.0	21.2	2.2	1.4	19.2	1.0	6.6	62.25	7.14	16-34
Daredevil Discs	Grizzly	Midrange	4.0	4.0	-1.0	2.0	Yes	2007-06-12	181.8	21.9	2.0	1.3	19.3	1.3	5.9	42.25	6.92	07-31
Daredevil Discs	Mammoth	Fairway	9.0	4.0	-1.0	5.0	Yes	2014-10-31	175.1	21.1	1.7	1.2	17.1	2.0	5.7	29.25	5.22	14-85
Daredevil Discs	Merlin	Distance	14.0	4.0	-1.0	5.0	Yes	2017-04-03	174.3	21.0	1.7	1.1	16.4	2.3	5.2	26.0	7.03	17-44
Daredevil Discs	Moose	Midrange	4.0	5.0	0.0	2.0	Yes	2007-06-12	180.9	21.8	2.1	1.3	19.3	1.3	6.0	41.0	4.31	07-32
Daredevil Discs	Ogopogo	Fairway	9.0	4.0	-2.0	5.0	Yes	2014-10-31	175.1	21.1	1.5	1.2	17.1	2.0	5.7	36.75	2.27	14-86
Daredevil Discs	Polar Bear	Putter	2.0	3.0	-1.0	1.0	Yes	2007-06-12	176.0	21.2	2.0	1.5	19.3	1.0	7.1	62.5	4.2	07-30
Daredevil Discs	Pteranodon	Midrange	4.0	6.0	-2.0	1.0	Yes	2017-06-11	179.3	21.6	2.3	1.2	18.8	1.4	5.6	44.5	8.39	17-74
Daredevil Discs	Sabertooth	Fairway	9.0	4.0	0.0	5.0	Yes	2014-10-31	174.3	21.0	1.8	1.2	17.0	2.0	5.7	29.0	7.94	14-87
Daredevil Discs	Sasquatch	Distance	12.0	5.0	-5.0	1.0	Yes	2012-01-29	174.3	21.0	1.7	1.1	16.0	2.5	5.2	26.5	11.23	12-08
Daredevil Discs	Swift Fox	Fairway	9.0	5.0	-3.0	1.0	Yes	2007-01-19	175.1	21.1	1.7	1.2	17.6	1.8	5.7	27.0	7.14	07-04
Daredevil Discs	Timberwolf	Fairway	9.0	6.0	-1.0	0.0	Yes	2007-01-19	175.1	21.1	1.6	1.2	17.5	1.8	5.7	27.0	5.78	07-05
Daredevil Discs	Walrus	Midrange	4.0	5.0	0.0	3.0	Yes	2016-04-21	180.9	21.8	1.9	1.2	19.3	1.3	5.5	48.75	1.81	16-35
Daredevil Discs	Wolverine	Fairway	8.0	5.0	-2.0	2.0	Yes	2007-01-19	176.0	21.2	1.8	1.2	17.5	1.8	5.7	27.5	10.32	07-07
Daredevil Discs	Woodchuck	Putter	2.0	2.0	-1.0	0.0	Yes	2007-01-19	176.0	21.2	2.0	1.5	19.3	0.9	7.1	64.0	1.81	07-08
Daredevil Discs	Yeti	Distance	12.0	6.0	-3.0	1.0	Yes	2012-06-05	175.1	21.1	1.6	1.1	16.1	2.5	5.2	26.0	8.05	12-30
Disc Golf Association	Aftershock	Midrange	5.0	4.0	0.0	2.0	Yes	2009-02-26	178.5	21.5	2.0	1.2	18.9	1.3	5.6	38.0	7.82	09-06
Disc Golf Association	Aftershock (D-Line)	Midrange	5.0	4.0	0.0	2.0	Yes	2009-04-09	178.5	21.5	2.1	1.2	18.9	1.3	5.6	38.0	7.6	09-11
Disc Golf Association	Banzai	Fairway	8.0	4.0	0.0	3.0	Yes	2018-02-26	177.6	21.4	1.7	1.2	17.5	1.9	5.6	30.0	11.34	18-98
Disc Golf Association	Blowfly II	Putter	3.0	2.0	-1.0	1.0	Yes	2008-12-21	180.1	21.7	2.3	1.7	18.9	1.4	7.8	46.6	1.13	08-38
Disc Golf Association	"Blunt ""Blowfly"""	Putter	2.0	2.0	-1.0	2.0	Yes	1996-07-19	178.5	21.5	2.7	1.1	18.5	1.5	5.1	52.5	2.38	96-04
Disc Golf Association	Gumbputt	Putter	2.0	2.0	0.0	2.0	Yes	1986-01-01	180.1	21.7	2.2	1.9	20.2	0.7	8.8	86.75	2.72	86-04
Disc Golf Association	Hellfire	Distance	10.0	1.0	0.0	5.0	Yes	2015-04-20	175.1	21.1	1.6	1.2	16.7	2.2	5.7	29.25	10.43	15-40
Disc Golf Association	Hurricane (Proline)	Distance	12.0	5.0	-1.0	3.0	Yes	2010-08-03	175.1	21.1	1.6	1.2	16.5	2.3	5.7	27.0	12.02	10-23
Disc Golf Association	Hurricane (SP Line)	Distance	12.0	5.0	-1.0	3.0	Yes	2011-02-24	175.1	21.1	1.8	1.2	16.5	2.3	5.7	27.0	10.21	11-08
Disc Golf Association	Pipeline	Fairway	8.0	5.0	0.0	2.0	Yes	2016-06-30	177.6	21.4	1.5	1.1	17.8	1.8	5.1	31.0	10.21	16-60
Disc Golf Association	Powerdrive	Putter	2.0	2.0	-2.0	1.0	Yes	1986-01-01	178.5	21.5	2.6	1.2	18.9	1.3	5.6	38.0	6.12	86-06
Disc Golf Association	Proline Breaker	Midrange	4.0	3.0	0.0	3.0	Yes	2013-02-22	174.3	21.0	1.7	1.2	19.0	1.0	5.7	62.0	12.02	13-10
Disc Golf Association	Quake	Midrange	5.0	3.0	0.0	3.0	Yes	2017-03-08	179.3	21.6	1.7	1.2	18.6	1.5	5.6	40.0	12.25	17-23
Disc Golf Association	Reef (Atlantis)	Putter	2.0	2.0	-1.0	1.0	Yes	2007-12-10	176.0	21.2	2.1	1.4	19.4	0.9	6.6	49.25	7.03	07-49
Disc Golf Association	Sail	Distance	11.0	5.0	-4.0	1.0	Yes	2016-02-25	174.3	21.0	1.9	1.1	17.2	1.9	5.2	29.75	9.75	16-16
Disc Golf Association	Steady	Putter	2.0	4.0	0.0	2.0	Yes	2015-02-06	176.0	21.2	2.0	1.4	19.3	1.0	6.6	56.0	6.92	15-18
Disc Golf Association	Steady - Beadless (BL)	Putter	2.0	4.0	0.0	2.0	Yes	2018-06-21	176.0	21.2	2.5	1.5	19.0	1.1	7.1	64.75	6.92	18-54
Disc Golf Association	Tempest	Distance	13.0	5.0	-3.0	2.0	Yes	2018-08-16	175.1	21.1	1.7	1.1	16.5	2.3	5.2	26.25	9.87	18-64
Disc Golf Association	Titanic	Putter	2.0	2.0	0.0	2.0	Yes	2007-09-19	175.1	21.1	2.2	1.5	19.1	1.0	7.1	63.5	7.03	07-42
Disc Golf Association	Titanic (D-Line)	Putter	2.0	2.0	0.0	2.0	Yes	2011-02-24	174.3	21.0	2.0	1.5	19.0	1.0	7.1	63.5	8.28	11-09
Disc Golf Association	Torrent	Distance	14.0	5.0	-1.0	2.0	Yes	2014-03-25	174.3	21.0	1.5	1.2	16.1	2.4	5.7	27.25	9.75	14-29
Disc Golf Association	Tremor	Midrange	6.0	5.0	-4.0	1.0	Yes	2017-08-29	179.3	21.6	1.7	1.1	18.8	1.4	5.1	39.25	7.48	17-100
Disc Golf Association	Tsunami (D-Line)	Distance	10.0	3.0	0.0	4.0	Yes	2008-12-21	176.0	21.2	1.8	1.2	17.5	1.9	5.7	26.5	12.13	08-39
Disc Golf Association	Undertow (ProLine)	Distance	10.0	4.0	-1.0	1.0	Yes	2012-02-12	178.5	21.5	1.6	1.2	17.3	2.1	5.6	28.25	10.77	12-12
Disc Golf Association	Undertow (SP-line)	Distance	10.0	4.0	-1.0	1.0	Yes	2012-02-03	177.6	21.4	1.8	1.2	17.2	2.1	5.6	28.25	12.02	12-09
Disc King	Lex	Putter	2.0	3.0	0.0	1.0	Yes	2016-11-10	178.5	21.5	2.1	1.6	19.5	1.0	7.4	75.25	12.25	16-72
Discmania	CD (Craze, Control Driver)	Distance	10.0	5.0	-1.0	2.0	Yes	2007-03-08	176.0	21.2	1.3	1.1	17.3	1.9	5.2	28.5	10.43	07-14
Discmania	CD2 (Control Driver)	Fairway	9.0	5.0	-1.0	2.0	Yes	2014-09-05	175.1	21.1	1.9	1.1	17.2	1.9	5.2	30.0	9.75	14-70
Discmania	CD3 (Control Driver)	Distance 	11.0	5.0	-1.0	2.0	Yes	2017-03-08	175.1	21.1	2.0	1.2	16.9	2.1	5.7	31.0	11.24	17-25
Discmania	DD (Hysteria, Distance Driver)	Distance	11.0	5.0	0.0	2.0	Yes	2008-08-26	175.1	21.1	1.6	1.2	16.7	2.2	5.7	30.25	9.19	08-29
Discmania	DD2 (Frenzy, Distance Driver)	Distance	13.0	5.0	-2.0	2.0	Yes	2010-08-18	176.0	21.2	1.5	1.1	16.2	2.5	5.2	26.0	8.28	10-24
Discmania	DDx (Distance Driver)	Distance	12.0	6.0	-1.0	2.0	Yes	2016-02-25	175.1	21.1	1.7	1.1	16.5	2.3	5.2	28.75	11.34	16-21
Discmania	FD (Jackal, Fairway Driver)	Fairway	7.0	6.0	-1.0	1.0	Yes	2011-11-13	176.0	21.2	1.8	1.1	17.5	1.8	5.2	34.75	9.53	11-41
Discmania	FD2 (Fairway Driver)	Fairway	7.0	4.0	0.0	2.0	Yes	2014-03-24	176.0	21.2	2.0	1.1	17.5	1.8	5.2	37.25	11.57	14-22
Discmania	FD2 (retooled Fairway Driver)	Fairway	7.0	4.0	0.0	2.0	Yes	2018-03-29	176.0	21.2	1.6	1.1	17.5	1.8	5.2	33.75	12.13	18-34
Discmania	FD3 (Fairway Driver)	Fairway	9.0	4.0	0.0	3.0	Yes	2015-06-26	176.0	21.2	1.7	1.1	17.2	2.0	5.2	29.75	8.16	15-58
Discmania	MD (Midrange Driver)	Midrange	4.0	5.0	0.0	0.0	Yes	2015-04-29	180.9	21.8	2.1	1.4	19.0	1.4	6.4	48.25	8.96	15-48
Discmania	MD1 (Midrange Driver)	Midrange	4.0	4.0	0.0	2.0	Yes	2006-11-14	180.1	21.7	2.2	1.3	19.2	1.3	6.0	40.5	8.5	06-47
Discmania	MD2 (Fiend, Midrange Driver)	Midrange	4.0	5.0	0.0	2.0	Yes	2010-04-04	180.1	21.7	2.0	1.4	19.0	1.4	6.5	43.75	6.92	10-05
Discmania	MD3 (Midrange Driver)	Midrange	5.0	5.0	0.0	2.0	Yes	2013-03-29	180.9	21.8	1.9	1.3	19.0	1.4	6.0	44.5	9.19	13-27
Discmania	MD4 (Midrange Driver)	Midrange	5.0	4.0	0.0	3.0	Yes	2017-04-21	180.1	21.7	1.6	1.4	18.9	1.4	6.5	51.25	11.11	17-55
Discmania	MD5 (Midrange Driver)	Midrange	5.0	4.0	0.0	2.0	Yes	2018-03-29	175.1	21.1	1.9	1.3	18.3	1.4	6.2	62.25	11.91	18-35
Discmania	P1 (Maniac, Putt & Approach)	Putter	2.0	3.0	0.0	0.0	Yes	2007-03-08	176.0	21.2	2.0	1.5	19.3	0.9	7.1	56.0	6.01	07-12
Discmania	P1x (Beaded Putter)	Putter	2.0	3.0	0.0	0.0	Yes	2014-10-21	176.0	21.2	2.0	1.4	19.0	1.0	6.6	68.5	7.71	14-81
Discmania	P2 (Psycho, Pro Putter)	Putter	2.0	3.0	0.0	1.0	Yes	2007-03-08	176.0	21.2	2.1	1.5	19.2	1.0	7.1	58.25	7.03	07-13
Discmania	P3 (Putt & Approach)	Putter	3.0	2.0	0.0	3.0	Yes	2013-02-13	176.0	21.2	2.0	1.2	19.2	1.0	5.7	59.0	9.3	13-09
Discmania	P3x (Putt & Approach)	Putter	3.0	2.0	0.0	3.0	Yes	2016-06-26	176.0	21.2	1.9	1.6	19.0	1.1	7.5	62.0	7.37	17-79
Discmania	PD (Freak, Power Driver)	Distance	10.0	4.0	0.0	3.0	Yes	2008-07-02	175.1	21.1	1.7	1.2	17.3	1.9	5.7	28.25	11.11	08-22
Discmania	PDx (Power Driver)	Distance	11.0	4.0	0.0	3.0	Yes	2015-12-09	175.1	21.1	1.9	1.2	16.9	2.1	5.7	30.5	11.23	15-81
Discmania	PD2 (Chaos, Power Driver)	Distance	12.0	4.0	0.0	4.0	Yes	2010-12-03	175.1	21.1	1.9	1.2	16.4	2.4	5.7	27.25	12.25	10-40
Discmania	TD (Rush, Turn Driver)	Distance	10.0	5.0	-2.0	1.0	Yes	2010-04-04	176.0	21.2	1.6	1.1	17.3	1.9	5.2	27.5	8.05	10-06
Discmania	TD2 (Fever, Turn Driver)	Distance	10.0	5.0	-4.0	1.0	Yes	2012-09-12	175.1	21.1	1.6	1.1	16.9	2.1	5.2	30.25	10.77	12-37
Discmania	TDx (Turn Driver)	Fairway	9.0	5.0	-3.0	1.0	Yes	2017-04-21	175.1	21.1	1.5	1.2	17.2	2.0	5.7	30.5	11.45	17-56
Discraft	APX	Putter	2.0	3.0	-1.0	1.0	Yes	1999-01-29	174.3	21.0	2.3	1.4	19.2	0.9	6.7	49.25	7.03	99-01
Discraft	Archer	Midrange	6.0	5.0	-3.0	1.0	Yes	2016-12-07	178.5	21.5	1.8	1.1	18.5	1.5	5.1	36.0	7.94	16-78
Discraft	Avenger	Distance	10.0	5.0	0.0	3.0	Yes	2005-05-03	176.0	21.2	1.7	1.2	17.4	1.9	5.7	26.25	12.25	05-08
Discraft	Avenger-SS	Distance	10.0	5.0	-3.0	1.0	Yes	2008-02-21	177.6	21.4	1.8	1.2	17.6	1.9	5.6	29.25	11.0	08-04
Discraft	Banger-GT	Putter	2.0	3.0	0.0	1.0	Yes	2005-10-31	176.0	21.2	2.0	1.6	19.2	1.0	7.5	65.75	7.6	05-19
Discraft	Buzzz	Midrange	5.0	4.0	-1.0	1.0	Yes	2003-09-30	180.1	21.7	1.9	1.3	19.3	1.2	6.0	44.0	6.24	03-15
Discraft	Buzzz OS	Midrange	5.0	4.0	0.0	3.0	Yes	2014-07-19	180.1	21.7	1.7	1.2	19.1	1.3	5.5	45.75	8.28	14-58
Discraft	Buzzz-SS	Midrange	5.0	4.0	-2.0	1.0	Yes	2008-02-21	179.3	21.6	2.1	1.3	19.0	1.3	6.0	43.5	9.87	08-06
Discraft	Buzzz-GT	Midrange	5.0	5.0	0.0	1.0	Yes	2008-02-21	178.5	21.5	1.7	1.3	19.0	1.3	6.0	44.0	12.02	08-07
Discraft	Challenger	Putter	2.0	3.0	0.0	2.0	Yes	2003-01-26	174.3	21.0	2.2	1.6	19.0	1.0	7.6	61.5	8.39	03-04
Discraft	Challenger OS	Putter	3.0	5.0	0.0	2.5	Yes	2017-09-26	175.1	21.1	2.0	1.5	18.9	1.0	7.1	61.0	8.05	17-107
Discraft	Challenger SS	Putter	2.0	4.0	-1.0	2.0	Yes	2017-08-19	175.1	21.1	2.0	1.4	19.1	1.0	6.6	61.0	8.62	17-93
Discraft	Comet	Midrange	4.0	5.0	-2.0	1.0	Yes	1995-10-31	180.9	21.8	2.1	1.3	19.4	1.2	6.0	35.25	10.43	95-05
Discraft	Crank	Distance	12.0	5.0	-1.0	2.0	Yes	2013-07-08	175.1	21.1	1.6	1.1	16.3	2.4	5.2	30.0	10.09	13-49
Discraft	Crank SS	Distance	13.0	5.0	-3.0	2.0	Yes	2015-09-17	175.1	21.1	1.5	1.1	16.3	2.4	5.2	27.25	9.98	15-67
Discraft	Crush	Distance	11.0	5.0	0.0	4.0	Yes	2003-09-07	175.1	21.1	1.7	1.2	17.0	2.1	5.7	29.0	9.3	03-13
Discraft	Cyclone	Fairway	7.0	4.0	-1.0	3.0	Yes	1993-07-14	176.8	21.3	1.8	1.2	18.1	1.6	5.6	26.0	12.25	93-05
Discraft	Drone	Midrange	5.0	4.0	0.0	4.0	Yes	2005-02-28	178.5	21.5	2.0	1.3	18.5	1.5	6.0	41.25	10.43	05-03
Discraft	Eclipse	Fairway	7.0	5.0	-2.0	2.0	Yes	1989-01-01	182.6	22.0	1.6	1.2	19.2	1.4	5.5	26.0	12.25	89-01
Discraft	Flash	Distance 	10.0	5.0	-2.0	3.0	Yes	2004-04-14	175.1	21.1	1.6	1.2	17.0	2.1	5.7	27.5	8.85	04-03
Discraft	Flick	Fairway	9.0	4.0	1.0	4.0	Yes	2004-08-22	175.1	21.1	1.3	1.1	16.9	2.1	5.2	26.0	9.98	04-10
Discraft	Focus (Ace Race 2009)	Putter	2.0	3.0	-1.0	2.0	Yes	2009-09-09	175.1	21.1	2.1	1.6	19.1	1.0	7.6	60.25	8.85	09-20
Discraft	Force	Distance	12.0	5.0	0.0	3.0	Yes	2008-02-21	175.1	21.1	1.7	1.2	16.5	2.3	5.7	26.0	11.79	08-08
Discraft	Glide (Ace Race 2004)	Midrange	6.0	5.0	-3.0	2.0	Yes	2004-10-06	178.5	21.5	2.0	1.3	18.6	1.5	6.0	36.5	11.11	04-11
Discraft	Impact (Ace Race 2007)	Midrange	5.0	5.0	-2.0	2.0	Yes	2007-10-26	179.3	21.6	2.0	1.3	19.0	1.3	6.0	33.75	5.78	07-46
Discraft	Heat (Ace Race 2014)	Fairway	9.0	6.0	-3.0	1.0	Yes	2014-10-23	175.1	21.1	2.1	1.2	17.2	1.9	5.7	29.5	11.0	14-83
Discraft	Hornet (Ace Race 2010)	Midrange	5.0	5.0	0.0	4.0	Yes	2010-11-19	178.5	21.5	1.9	1.3	18.9	1.3	6.0	41.5	7.94	10-38
Discraft	Zeus (former Kong)	Distance	12.0	5.0	-1.0	3.0	Yes	2018-12-28	175.1	21.1	1.6	1.2	16.5	2.3	5.7	28.5	11.79	18-95
Discraft	Luna	Putter	3.0	4.0	0.0	2.0	Yes	2018-12-28	175.1	21.1	2.0	1.4	18.9	1.1	6.6	68.5	12.13	18-96
Discraft	Machete	Distance	11.0	4.0	0.0	4.0	Yes	2017-03-15	175.1	21.1	1.6	1.1	16.8	2.1	5.2	30.5	12.13	17-30
Discraft	Magnet	Putter	2.0	3.0	-1.0	2.0	Yes	1993-07-14	176.0	21.2	2.0	1.4	19.6	0.8	6.6	47.75	8.85	93-06
Discraft	Mantis (Ace Race 2013)	Fairway	8.0	4.0	-2.0	2.0	Yes	2013-12-01	176.0	21.2	1.9	1.1	17.4	1.9	5.2	28.0	10.66	13-74
Discraft	Meteor (Ace Race 2006)	Midrange	4.0	5.0	-3.0	1.0	Yes	2006-09-21	178.5	21.5	2.0	1.3	18.9	1.3	6.0	49.25	6.46	06-42
Discraft	Nuke	Distance	13.0	5.0	-1.0	3.0	Yes	2009-10-31	176.0	21.2	1.6	1.2	16.1	2.5	5.7	28.25	9.87	09-27
Discraft	Nuke OS	Distance	13.0	4.0	0.0	4.0	Yes	2011-06-09	176.0	21.2	1.6	1.2	16.2	2.5	5.7	30.75	8.16	11-23
Discraft	Nuke SS	Distance	13.0	5.0	-3.0	3.0	Yes	2011-04-07	176.0	21.2	1.5	1.1	16.2	2.5	5.2	28.75	9.98	11-15
Discraft	Predator	Fairway	9.0	4.0	0.0	4.0	Yes	2002-05-29	176.0	21.2	1.9	1.1	17.4	1.9	5.2	28.5	7.48	02-06
Discraft	Pulse	Distance	11.0	4.0	0.0	3.0	Yes	2006-06-29	176.0	21.2	1.7	1.3	17.1	2.1	6.1	29.75	10.21	06-29
Discraft	Punisher	Distance	12.0	5.0	0.0	3.0	Yes	2017-04-21	175.1	21.1	1.5	1.1	16.7	2.2	5.2	28.25	11.68	17-69
Discraft	Putt'r	Putter	2.0	3.0	-2.0	1.0	Yes	2002-03-16	174.3	21.0	2.4	1.6	19.2	0.9	7.6	78.75	8.28	02-03
Discraft	Rattler Putter	Putter	2.0	3.0	-1.0	1.0	Yes	1994-08-25	176.0	21.2	2.2	1.6	20.0	0.6	7.5	84.25	4.99	94-08
Discraft	Ringer	Putter	3.0	4.0	0.0	2.0	Yes	2009-06-17	174.3	21.0	1.8	1.2	19.2	0.9	5.7	67.75	6.12	09-16
Discraft	Ringer GT	Putter	3.0	3.0	0.0	3.0	Yes	2017-04-21	175.1	21.1	1.7	1.1	19.0	1.0	5.2	63.25	4.65	17-70
Discraft	Roach (Ace Race 2015)	Putter	2.0	4.0	0.0	1.0	Yes	2015-11-30	175.1	21.1	2.0	1.5	18.9	1.1	7.1	58.75	9.07	15-79
Discraft	Stratus	Midrange	5.0	5.0	-3.0	1.0	Yes	1997-04-12	177.6	21.4	1.8	1.2	19.0	1.2	5.6	36.25	6.58	97-04
Discraft	Sting (Ace Race 2017)	Fairway	7.0	5.0	-2.0	1.0	Yes	2017-11-07	177.6	21.4	1.8	1.2	18.2	1.6	5.6	36.25	10.66	17-119
Discraft	Surge	Distance	11.0	5.0	-1.0	3.0	Yes	2006-02-08	175.1	21.1	1.6	1.2	17.1	2.0	5.7	30.25	10.55	06-02
Discraft	Surge-SS	Distance	11.0	5.0	-1.0	2.0	Yes	2008-02-21	175.1	21.1	1.6	1.2	16.8	2.1	5.7	29.25	7.48	08-05
Discraft	Thrasher	Distance	12.0	5.0	-3.0	2.0	Yes	2016-08-13	175.1	21.1	1.7	1.1	16.8	2.1	5.2	26.75	8.85	16-62
Discraft	Undertaker	Fairway	9.0	5.0	-1.0	2.0	Yes	2016-04-06	175.1	21.1	1.8	1.1	17.5	1.9	5.2	30.75	10.43	16-31
Discraft	Vulture	Distance	10.0	5.0	0.0	2.0	Yes	2018-02-26	177.6	21.4	1.6	1.2	17.8	1.8	5.6	33.5	10.89	18-97
Discraft	Wasp	Midrange	5.0	5.0	0.0	3.0	Yes	2002-09-29	179.3	21.6	1.8	1.3	19.2	1.2	6.0	37.0	8.39	02-13
Discraft	XL	Fairway	8.0	5.0	-1.0	2.0	Yes	1998-04-03	175.1	21.1	2.1	1.2	17.7	1.7	5.7	32.25	8.5	98-04
Discraft	Xpress	Fairway	8.0	5.0	-3.0	1.0	Yes	2000-12-05	175.1	21.1	1.8	1.2	17.6	1.7	5.7	28.0	9.64	00-15
Discraft	XS	Fairway	8.0	5.0	-2.0	3.0	Yes	2000-09-04	175.1	21.1	1.8	1.2	17.6	1.8	5.7	27.5	8.51	00-12
Discraft	Zone	Midrange	4.0	3.0	0.0	3.0	Yes	2008-05-28	175.1	21.1	2.0	1.3	18.8	1.2	6.2	46.0	10.55	08-18
Discraft	Zombee (Ace Race 2012)	Midrange	6.0	4.0	-1.0	1.0	Yes	2012-11-13	179.3	21.6	2.1	1.2	18.4	1.6	5.6	34.75	10.77	12-50
Dynamic Discs	Breakout	Fairway	8.0	5.0	-1.0	1.5	Yes	2015-03-27	174.3	21.0	1.6	1.1	17.2	1.9	5.2	32.75	8.62	15-30
Dynamic Discs	Captain	Distance	13.0	5.0	-2.0	2.0	Yes	2017-12-04	175.1	21.1	1.6	1.1	16.6	2.3	5.2	30.0	11.23	17-121
Dynamic Discs	Convict	Fairway	9.0	4.0	-0.5	3.0	Yes	2015-03-27	176.0	21.2	1.4	1.1	17.2	2.0	5.2	34.75	8.85	15-31
Dynamic Discs	Criminal	Fairway	10.0	3.0	1.0	4.0	Yes	2017-01-17	176.0	21.2	1.5	1.2	16.9	2.1	5.7	29.0	12.25	17-05
Dynamic Discs	Defender	Distance	13.0	5.0	0.0	3.0	Yes	2016-03-02	174.3	21.0	1.6	1.1	16.4	2.3	5.2	30.75	11.11	16-22
Dynamic Discs	Deputy	Putter	3.0	4.0	-1.5	0.0	Yes	2017-02-22	176.0	21.2	2.0	1.5	19.1	1.1	7.1	61.0	6.92	17-15
Dynamic Discs	EMAC Truth	Midrange	5.0	5.0	0.0	2.0	Yes	2016-03-21	180.1	21.7	1.8	1.2	18.7	1.5	5.5	42.25	9.3	16-25
Dynamic Discs	Enforcer	Distance	12.0	4.0	0.5	4.0	Yes	2014-04-07	175.1	21.1	1.8	1.1	16.7	2.2	5.2	27.0	11.0	14-34
Dynamic Discs	Escape	Fairway	9.0	5.0	1.0	2.0	Yes	2012-12-07	175.1	21.1	2.0	1.1	17.1	2.0	5.2	27.75	10.32	12-56
Dynamic Discs	Evidence	Midrange	5.0	5.0	-1.0	0.0	Yes	2015-03-27	180.1	21.7	1.8	1.2	18.7	1.4	5.5	41.25	7.26	15-32
Dynamic Discs	Felon	Fairway	9.0	3.0	0.5	4.0	Yes	2014-07-14	176.0	21.2	1.8	1.1	17.2	2.0	5.2	31.5	9.3	14-56
Dynamic Discs	Freedom	Distance	14.0	5.0	-3.0	3.0	Yes	2014-07-14	176.0	21.2	1.6	1.1	16.3	2.4	5.2	27.25	8.73	14-57
Dynamic Discs	Gavel	Putter	3.0	5.0	-2.0	0.5	Yes	2016-05-26	176.8	21.3	1.9	1.4	19.5	1.4	6.6	45.75	9.19	16-50
Dynamic Discs	Getaway	Fairway	9.0	5.0	-0.5	3.0	Yes	2017-12-04	175.1	21.1	1.8	1.1	17.1	2.0	5.2	28.75	11.0	17-122
Dynamic Discs	Guard	Putter	2.0	5.0	0.0	0.5	Yes	2018-11-04	174.3	21.0	2.1	1.6	19.1	0.9	7.6	90.0	7.84	18-76
Dynamic Discs	Judge	Putter	2.0	4.0	0.0	1.0	Yes	2012-12-07	176.0	21.2	2.0	1.5	18.9	1.1	7.1	58.25	4.2	12-58
Dynamic Discs	Justice	Midrange	5.0	1.0	0.5	4.0	Yes	2015-03-27	176.8	21.3	1.7	1.3	18.3	1.5	6.1	39.5	8.96	15-33
Dynamic Discs	Marshal	Putter	3.0	4.0	0.0	1.0	Yes	2016-03-02	176.0	21.2	2.0	1.6	19.1	1.1	7.5	67.0	11.57	16-23
Dynamic Discs	Maverick	Fairway	7.0	4.0	-1.5	2.0	Yes	2017-12-04	176.0	21.2	1.8	1.1	17.8	1.7	5.2	35.0	9.53	17-123
Dynamic Discs	Patrol	Midrange	5.0	5.0	-3.0	1.0	Yes	2017-12-04	180.1	21.7	1.6	1.2	18.8	1.4	5.5	44.0	8.85	17-124
Dynamic Discs	Proof	Midrange	5.0	5.0	-3.0	1.0	Yes	2016-05-26	178.5	21.5	1.5	1.1	19.0	1.3	5.1	39.5	9.4	16-51
Dynamic Discs	Renegade	Distance	11.0	5.0	-1.5	2.5	Yes	2013-04-04	176.0	21.2	1.7	1.1	17.0	2.1	5.2	28.0	8.96	13-28
Dynamic Discs	Sheriff	Distance	13.0	5.0	-1.0	2.0	Yes	2016-12-29	175.1	21.1	1.6	1.1	16.3	2.4	5.2	30.25	11.79	16-84
Dynamic Discs	Slammer	Putter	3.0	2.0	0.0	3.0	Yes	2017-01-28	176.0	21.2	1.8	1.4	19.2	1.0	6.6	53.5	8.39	17-12
Dynamic Discs	Suspect	Midrange	4.0	3.0	0.0	3.0	Yes	2013-03-10	176.8	21.3	1.6	1.2	18.9	1.2	5.6	47.5	7.6	13-26
Dynamic Discs	Thief	Fairway	8.0	5.0	-1.5	2.0	Yes	2014-03-22	176.0	21.2	1.8	1.1	17.3	1.9	5.2	34.25	9.19	14-21
Dynamic Discs	Trespass	Distance	12.0	5.0	-0.5	3.0	Yes	2012-12-07	175.1	21.1	1.9	1.1	16.7	2.1	5.2	26.25	10.32	12-59
Dynamic Discs	Truth	Midrange	5.0	5.0	-1.0	1.0	Yes	2013-06-18	180.1	21.7	1.7	1.2	18.7	1.5	5.5	41.5	8.05	13-39
Dynamic Discs	Vandal	Fairway	9.0	5.0	-1.5	2.0	Coming Soon	2018-11-04	176.0	21.2	1.7	1.1	17.4	1.9	5.2	36.25	8.39	18-77
Dynamic Discs	Verdict	Midrange	5.0	4.0	0.0	3.5	Yes	2013-05-30	180.1	21.7	1.7	1.2	18.7	1.5	5.5	43.25	7.71	13-34
Dynamic Discs	Warden	Putter	2.0	4.0	0.0	0.5	Yes	2013-10-14	176.0	21.2	2.0	1.5	19.1	1.1	7.1	66.25	4.65	13-64
Dynamic Discs	Warrant	Midrange	5.0	5.0	-2.0	0.0	Yes	2015-12-15	180.1	21.7	1.8	1.3	18.8	1.4	6.0	46.5	9.87	15-86
Dynamic Discs	Witness	Fairway	8.0	6.0	-3.0	1.0	Yes	2014-02-17	175.1	21.1	1.8	1.1	17.3	1.9	5.2	32.25	8.85	14-10
Element Discs	Chromium	Fairway	9.0	5.0	-1.0	1.0	Yes	2016-10-21	175.1	21.1	2.0	1.2	17.2	2.0	5.7	31.25	9.75	16-69
Element Discs	Iridium	Putter	2.0	3.0	0.0	2.0	Yes	2015-12-09	174.3	21.0	2.1	1.5	19.1	0.9	7.1	66.0	12.02	15-85
Element Discs	Lithium	Midrange	5.0	4.0	-2.0	1.0	Yes	2016-06-30	181.8	21.9	1.5	1.3	18.9	1.5	5.9	51.75	10.43	16-59
Element Discs	Plutonium	Putter	3.0	3.0	0.0	1.0	Yes	2016-02-25	174.3	21.0	2.0	1.5	19.0	1.0	7.1	77.75	7.0	16-15
Element Discs	Radium	Midrange	6.0	4.0	-1.0	2.0	Yes	2016-10-21	181.8	21.9	2.0	1.1	18.9	1.5	5.3	43.25	10.21	16-70
Element Discs	Uranium	Midrange	4.0	2.0	0.0	2.0	Yes	2016-08-13	176.0	21.2	1.5	1.4	18.7	1.3	6.6	49.5	7.71	16-65
Fly High Discs	AK-47	Putter	3.0	4.0	0.0	1.0	Yes	2015-02-06	174.3	21.0	2.2	1.5	19.0	1.0	7.1	59.25	7.48	15-05
Fly High Discs	Diesel	Distance	11.0	5.0	0.0	3.0	Yes	2015-02-06	177.6	21.4	1.6	1.1	16.9	2.2	5.1	33.25	11.57	15-06
Fly High Discs	Jack the Ripper	Fairway	9.0	5.0	0.0	1.0	Yes	2015-02-06	174.3	21.0	1.7	1.1	17.1	1.9	5.2	33.5	10.66	15-07
Fly High Discs	KGB	Midrange	5.0	5.0	-1.0	1.0	Yes	2015-02-06	180.9	21.8	1.9	1.1	19.0	1.4	5.0	38.5	10.55	15-08
Fly High Discs	Pure O.G.	Midrange	6.0	4.0	-1.0	2.0	Yes	2015-04-10	180.9	21.8	1.9	1.1	18.8	1.5	5.0	37.75	7.82	15-38
Fly High Discs	Train Wreck	Distance	13.0	5.0	-2.0	2.0	Yes	2015-02-06	174.3	21.0	1.8	1.2	16.4	2.3	5.7	33.25	11.91	15-09
Fly High Discs	White Widow	Putter	3.0	4.0	-1.0	0.0	Yes	2015-02-06	174.3	21.0	2.1	1.5	19.0	1.0	7.1	75.5	5.9	15-10
Full Turn Discs	Cruise	Distance	13.0	4.0	-2.0	3.0	Yes	2017-06-26	175.1	21.1	1.6	1.1	16.4	2.3	5.2	26.5	8.85	17-82
Full Turn Discs	Drifter	Fairway	9.0	4.0	-1.0	2.0	Yes	2017-03-08	175.1	21.1	1.7	1.2	17.3	1.9	5.7	27.0	9.19	17-21
Full Turn Discs	Navigator	Midrange	5.0	4.0	-1.0	2.0	Yes	2016-08-13	179.3	21.6	1.7	1.5	18.9	1.4	6.9	40.5	6.8	16-63
Full Turn Discs	Passport	Putter	4.0	4.0	-1.0	1.0	Yes	2016-08-13	176.0	21.2	2.1	1.6	19.2	1.0	7.5	64.0	8.16	16-64
Full Turn Discs	Traveler	Fairway	9.0	4.0	0.0	2.0	Yes	2016-04-21	175.1	21.1	1.7	1.2	17.3	1.9	5.7	28.75	9.53	16-38
Full Turn Discs	Voyage	Distance	12.0	5.0	0.0	3.0	Yes	2017-09-24	175.1	21.1	1.8	1.1	16.4	2.3	5.2	26.25	8.85	17-105
Galaxy Disc Golf	Magneton	Putter	2.0	3.0	0.0	2.0	Yes	2017-01-28	175.1	21.1	1.9	1.5	19.1	1.0	7.1	59.25	8.28	17-08
Galaxy Disc Golf	Meteorite	Distance	11.0	6.0	-5.0	1.0	Yes	2017-03-08	175.1	21.1	1.8	1.1	16.8	2.1	5.2	26.0	8.62	17-22
Galaxy Disc Golf	Orbit	Midrange	5.0	4.0	0.0	3.0	Yes	2017-01-28	176.0	21.2	2.1	1.3	19.2	1.0	6.1	60.0	8.62	17-09
Galaxy Disc Golf	Satellite	Putter	3.0	4.0	0.0	1.0	Yes	2017-01-28	176.8	21.3	2.1	1.7	19.7	0.8	8.0	95.25	6.8	17-10
Galaxy Disc Golf	Shooting Star	Fairway	7.0	5.0	-2.0	1.0	Yes	2017-01-28	174.3	21.0	1.8	1.2	17.4	1.8	5.7	26.25	6.69	17-11
Gateway Disc Sports	Apache (retooled)	Fairway	9.0	6.0	-1.0	2.0	Yes	2009-04-16	176.8	21.3	1.8	1.2	17.4	1.9	5.6	28.5	4.76	09-15
Gateway Disc Sports	Apex	Distance	12.0	6.0	-1.0	2.0	Yes	2018-06-21	178.5	21.5	1.9	1.1	17.1	2.3	5.1	30.25	9.75	18-49
Gateway Disc Sports	Assassin	Fairway	9.0	6.0	-1.0	1.0	Yes	2008-01-04	174.3	21.0	1.9	1.1	17.2	1.9	5.2	34.5	10.77	08-02
Gateway Disc Sports	Assassin (retooled)	Fairway	9.0	6.0	-1.0	1.0	Yes	2014-05-19	174.3	21.0	1.9	1.1	17.1	1.9	5.2	34.5	8.62	14-49
Gateway Disc Sports	Blaze	Midrange	6.0	4.0	0.0	3.0	Yes	1999-10-20	175.1	21.1	1.9	1.2	17.7	1.7	5.7	30.25	10.77	99-11
Gateway Disc Sports	Chief	Putter	3.0	3.0	0.0	1.0	Yes	2003-01-11	174.3	21.0	2.1	1.5	19.0	1.0	7.1	60.5	9.53	03-02
Gateway Disc Sports	Chief (retooled)	Putter	3.0	3.0	0.0	1.0	Yes	2014-05-19	174.3	21.1	1.7	1.3	19.2	1.0	6.2	60.5	3.63	14-50
Gateway Disc Sports	Chief OS	Putter	3.0	3.0	0.0	2.0	Yes	2015-02-06	176.0	21.2	2.1	1.3	19.2	1.0	6.1	55.75	6.19	15-13
Gateway Disc Sports	Demon	Midrange	6.0	3.0	0.0	4.0	Yes	2000-09-05	175.1	21.1	1.9	1.2	17.7	1.7	5.7	30.25	11.11	00-11
Gateway Disc Sports	Devilhawk	Putter	3.0	3.0	0.0	2.0	Yes	2015-02-06	176.0	21.2	2.1	1.3	19.2	1.0	6.1	70.25	7.14	15-14
Gateway Disc Sports	Diablo	Fairway	9.0	5.0	0.0	2.0	Yes	2017-04-21	176.0	21.2	1.7	1.2	17.1	2.0	5.7	32.5	9.3	17-57
Gateway Disc Sports	Diablo DT	Distance	11.0	5.0	-1.0	2.0	Yes	2007-03-29	179.3	21.6	1.3	1.1	17.2	2.2	5.1	26.75	9.64	07-22
Gateway Disc Sports	Element	Midrange	5.0	5.0	-1.0	1.0	Yes	2004-10-07	183.4	22.1	1.7	1.3	19.6	1.3	5.9	39.5	6.35	04-12
Gateway Disc Sports	Element X	Midrange	5.0	5.0	-1.0	1.0	Yes	2004-12-01	181.8	21.9	1.9	1.2	19.3	1.8	5.5	42.5	9.98	04-14
Gateway Disc Sports	Illusion	Distance 	12.0	5.0	-1.0	2.0	Yes	2004-05-27	177.6	21.4	1.5	1.1	17.2	2.1	5.1	32.75	10.77	04-06
Gateway Disc Sports	Journey - LS	Distance 	12.0	6.0	-2.0	1.0	Yes	2017-04-21	176.0	21.2	1.9	1.1	16.9	2.2	5.2	28.25	9.75	17-61
Gateway Disc Sports	Magic	Putter	2.0	3.0	-1.0	0.0	Yes	2008-01-04	174.3	21.0	2.1	1.5	19.0	1.0	7.1	54.0	4.54	08-01
Gateway Disc Sports	Mystic	Midrange	5.0	5.0	-2.0	0.0	Yes	2012-03-18	180.9	21.8	1.9	1.1	18.8	1.5	5.0	49.75	12.02	12-64
Gateway Disc Sports	Mystic (retooled)	Midrange	5.0	5.0	-2.0	0.0	Yes	2013-05-14	182.6	22.0	2.0	1.1	19.0	1.5	5.0	49.75	11.34	13-32
Gateway Disc Sports	Ninja	Distance	11.0	5.0	0.0	2.0	Yes	2017-04-21	176.0	21.2	1.9	1.2	17.2	2.0	5.7	31.75	8.73	17-58
Gateway Disc Sports	Prophecy	Midrange	5.0	5.0	0.0	2.0	Yes	2018-01-19	181.8	21.9	1.7	1.2	19.0	1.5	5.5	38.5	6.12	18-01
Gateway Disc Sports	Sabre	Fairway	7.0	5.0	-1.0	1.0	Yes	1999-10-20	176.0	21.2	1.8	1.2	17.8	1.7	5.7	27.0	10.77	99-09
Gateway Disc Sports	Samurai	Distance	13.0	6.0	-2.0	1.0	Yes	2012-04-22	175.1	21.1	1.8	1.2	16.5	2.3	5.7	29.25	11.57	12-19
Gateway Disc Sports	Shaman	Putter	3.0	3.0	-1.0	1.0	Yes	2014-06-09	176.0	21.2	1.8	1.3	19.2	1.0	6.1	65.75	8.39	14-53
Gateway Disc Sports	Siren	Distance	13.0	5.0	-2.0	1.0	Yes	2017-04-21	175.1	21.1	1.8	1.2	16.4	2.3	5.7	29.25	11.57	17-62
Gateway Disc Sports	Slayer	Distance	13.0	5.0	-1.0	2.0	Yes	2011-06-23	174.3	21.0	1.7	1.2	16.4	2.3	5.7	30.0	9.75	11-18
Gateway Disc Sports	Slayer (retooled)	Distance	13.0	5.0	-1.0	2.0	Yes	2018-06-21	175.1	21.1	1.5	1.2	16.4	2.3	5.7	30.0	9.3	18-50
Gateway Disc Sports	Speed Demon	Distance	12.0	4.0	0.0	3.0	Yes	2003-01-11	177.6	21.4	1.8	1.1	17.0	2.2	5.1	27.0	10.89	03-01
Gateway Disc Sports	Speed Demon DT	Distance	12.0	4.0	0.0	3.0	Yes	2006-08-17	176.8	21.3	1.8	1.1	17.0	2.2	5.2	26.0	12.02	06-33
Gateway Disc Sports	Spirit	Distance	12.0	4.0	0.0	4.0	Yes	2004-01-25	176.0	21.2	1.8	1.1	17.0	2.1	5.2	26.0	12.25	04-02
Gateway Disc Sports	Voodoo	Putter	2.0	3.0	0.0	2.0	Yes	2009-03-31	175.1	21.1	2.1	1.6	19.1	1.0	7.6	62.0	3.52	09-10
Gateway Disc Sports	Voodoo (revised)	Putter	2.0	3.0	0.0	2.0	Yes	2016-12-30	176.0	21.2	2.1	1.6	19.2	1.0	7.5	62.0	9.41	16-90
Gateway Disc Sports	Warlock	Putter	2.0	3.0	0.0	1.0	Yes	2007-03-08	175.1	21.1	2.3	1.6	19.1	1.0	7.6	56.25	6.46	07-16
Gateway Disc Sports	Warrior (new)	Midrange	5.0	4.0	0.0	3.0	Yes	2010-04-09	182.6	22.0	1.9	1.2	19.3	1.4	5.5	42.5	4.76	10-09
Gateway Disc Sports	Warspear	Putter	2.0	3.0	0.0	2.5	Yes	2015-02-06	176.0	21.2	1.8	1.3	19.2	1.0	6.1	77.75	6.92	15-15
Gateway Disc Sports	Wizard	Putter	2.0	3.0	0.0	2.0	Yes	2002-01-09	174.3	21.0	2.1	1.8	19.0	1.0	8.6	59.25	10.43	02-01
Gateway Disc Sports	Wizard (revised)	Putter	2.0	3.0	0.0	2.0	Yes	2016-12-30	176.0	21.2	2.1	1.8	19.2	1.0	8.5	59.25	9.87	16-91
Guru Disc Golf	Fenris	Distance	13.0	5.0	-1.0	2.0	Yes	2018-05-31	176.0	21.2	1.7	1.1	16.2	2.5	5.2	26.0	10.66	18-46
Guru Disc Golf	Midgard	Midrange	6.0	5.0	-1.0	1.0	Yes	2016-02-04	175.1	21.1	1.7	1.1	17.5	1.8	5.2	32.5	11.45	16-10
Guru Disc Golf	Mjølner	Putter	2.0	3.0	0.0	1.0	Yes	2016-02-04	176.0	21.2	2.0	1.5	19.2	1.0	7.1	47.25	9.53	16-11
Guru Disc Golf	Sleipner	Distance	10.0	4.0	-1.0	2.0	Yes	2017-03-15	176.0	21.2	1.5	1.1	17.0	2.1	5.2	28.75	11.11	17-29
Guru Disc Golf	Thor	Midrange	4.0	4.0	0.0	2.0	Yes	2016-02-04	180.1	21.7	2.1	1.3	19.1	1.3	6.0	40.25	9.53	16-12
Infinite Discs	Chariot	Midrange	5.0	5.0	0.0	1.0	Yes	2018-02-26	180.9	21.8	1.7	1.4	19.0	1.4	6.4	51.5	9.07	18-32
Infinite Discs	Exodus	Fairway	7.0	5.0	-0.5	2.0	Yes	2018-01-19	175.1	21.1	1.8	1.1	17.5	1.8	5.2	36.25	8.73	18-03
Infinite Discs	Myth	Putter	2.0	3.0	0.0	2.0	Yes	2018-03-29	176.0	21.2	2.1	1.5	19.0	1.1	7.1	68.75	9.07	18-29
Infinite Discs	Pharaoh	Distance	13.0	6.0	-1.0	2.0	Yes	2018-02-02	175.1	21.1	1.4	1.1	16.4	2.3	5.2	28.5	11.11	18-33
Infinite Discs	Ra	Midrange	5.0	4.0	0.0	3.0	Yes	2018-11-02	180.1	21.7	1.8	1.4	18.8	1.4	6.5	50.25	7.71	18-73
Infinite Discs	Slab	Distance	12.0	3.0	0.0	4.0	Yes	2018-06-21	176.0	21.2	1.6	1.2	16.6	2.3	5.7	29.0	9.3	18-52
Infinite Discs	Sphinx	Fairway	9.0	6.0	-3.0	1.0	Yes	2018-03-29	175.1	21.1	1.6	1.1	17.3	1.9	5.2	30.75	11.79	18-30
Infinite Discs	Tomb	Putter	3.0	4.0	0.0	1.0	Yes	2018-03-29	176.8	21.3	1.6	1.3	19.1	1.1	6.1	65.5	7.6	18-31
Innova-Champion Discs	Ape	Distance	13.0	5.0	0.0	4.0	Yes	2011-02-18	175.1	21.1	1.5	1.2	16.2	2.4	5.7	27.75	12.13	11-04
Innova-Champion Discs	Archangel	Fairway	8.0	6.0	-4.0	1.0	Yes	2001-08-21	175.1	21.1	1.9	1.4	17.3	1.8	7.1	31.25	9.19	01-06
Innova-Champion Discs	Archon	Distance	11.0	5.0	-2.0	2.0	Yes	2011-03-09	175.1	21.1	1.7	1.2	16.6	2.3	5.7	28.25	11.45	11-11
Innova-Champion Discs	Atlas	Midrange	5.0	4.0	0.0	1.0	Yes	2013-06-18	180.9	21.8	1.7	1.4	19.1	1.4	6.4	46.25	4.42	13-40
Innova-Champion Discs	Aviar	Putter	2.0	3.0	0.0	1.0	Yes	1984-01-01	176.0	21.2	2.0	1.5	19.4	0.9	7.1	55.75	11.34	84-01
Innova-Champion Discs	AviarX3	Putter	3.0	2.0	0.0	3.0	Yes	2017-09-26	176.8	21.3	1.8	1.6	19.3	1.0	7.5	55.75	7.14	17-108
Innova-Champion Discs	Aviar 3	Putter	3.0	2.0	0.0	2.0	Yes	2017-02-08	176.0	21.2	1.9	1.5	19.2	1.0	7.1	55.75	9.53	17-14
Innova-Champion Discs	Aviar XD	Putter	3.0	4.0	-1.0	1.0	Yes	1984-01-01	176.0	21.2	2.1	1.1	19.4	0.9	5.2	52.5	9.1	84-08
Innova-Champion Discs	Aviar XD (retooled)	Putter	3.0	4.0	-1.0	1.0	Yes	1990-01-01	176.0	21.2	2.0	1.2	19.4	0.9	5.7	42.75	8.96	90-09
Innova-Champion Discs	Banshee	Fairway	7.0	3.0	0.0	3.0	Yes	1998-01-14	176.0	21.2	1.5	1.2	17.6	1.8	5.7	29.25	6.58	98-01
Innova-Champion Discs	Beast	Distance	10.0	5.0	-2.0	2.0	Yes	2002-12-02	176.0	21.2	1.4	1.1	17.1	2.0	5.2	26.76	8.96	02-11
Innova-Champion Discs	Birdie	Putter	1.0	2.0	0.0	0.0	Yes	1991-05-13	175.1	21.1	2.3	1.9	19.7	0.7	9.0	98.25	11.8	91-03
Innova-Champion Discs	Birdie (retooled)	Putter	1.0	2.0	0.0	0.0	Yes	1991-05-13	176.0	21.2	2.4	1.9	19.8	0.7	9.0	98.25	11.8	91-10
Innova-Champion Discs	Boss	Distance	13.0	5.0	-1.0	3.0	Yes	2008-08-26	176.0	21.2	1.5	1.2	16.2	2.5	5.7	26.0	7.6	08-28
Innova-Champion Discs	Bullfrog	Putter	3.0	1.0	0.0	1.0	Yes	2018-11-04	175.1	21.1	1.8	1.3	19.0	1.0	6.2	67.75	8.16	18-74
Innova-Champion Discs	Caiman	Midrange	5.5	2.0	0.0	4.0	Yes	2018-02-26	175.1	21.1	1.7	1.4	18.3	1.4	6.6	66.5	11.68	18-27
Innova-Champion Discs	Cheetah	Midrange	6.0	4.0	-2.0	2.0	Yes	1995-10-10	175.1	21.1	1.9	1.2	17.9	1.6	5.7	28.25	10.54	95-04
Innova-Champion Discs	Cheetah (retooled)	Midrange	6.0	4.0	-2.0	2.0	Yes	1998-07-28	176.0	21.2	1.9	1.2	18.0	1.6	5.7	28.25	10.54	98-10
Innova-Champion Discs	Classic Roc	Putter	3.0	3.0	0.0	2.0	Yes	1994-01-01	176.0	21.2	2.0	1.2	19.4	0.9	5.7	42.75	8.96	94-11
Innova-Champion Discs	Cobra	Midrange	4.0	5.0	-2.0	2.0	Yes	1988-01-01	180.1	21.7	2.0	1.1	19.3	1.2	5.1	35.25	9.1	88-02
Innova-Champion Discs	Colossus	Distance	14.0	5.0	-2.0	3.0	Yes	2015-12-09	175.1	21.1	1.7	1.1	16.1	2.5	5.2	29.75	7.82	15-80
Innova-Champion Discs	Colt	Putter	3.0	4.0	-1.0	1.0	Yes	2015-05-28	176.0	21.2	1.8	1.3	19.0	1.1	6.1	59.75	7.48	15-52
Innova-Champion Discs	Corvette	Distance	14.0	6.0	-1.0	2.0	Yes	2018-12-16	175.1	21.1	1.8	1.2	16.3	2.3	5.7	26.75	11.68	18-83
Innova-Champion Discs	Coyote	Midrange	4.0	5.0	0.0	1.0	Yes	2005-06-07	180.1	21.7	1.9	1.3	19.4	1.2	6.0	47.25	5.56	05-09
Innova-Champion Discs	CRO	Midrange	5.0	3.0	0.0	2.0	Yes	2006-06-21	176.0	21.2	2.0	1.4	18.5	1.3	6.6	48.5	6.24	07-34
Innova-Champion Discs	Daedalus	Distance	13.0	6.0	-3.0	2.0	Yes	2014-02-17	175.1	21.1	1.5	1.2	16.4	2.3	5.7	26.25	8.05	14-09
Innova-Champion Discs	Dart	Putter	3.0	4.0	0.0	0.0	Yes	2009-02-18	176.0	21.2	2.2	1.4	18.8	1.2	6.6	38.0	5.1	09-05
Innova-Champion Discs	Destroyer	Distance	12.0	5.0	-1.0	3.0	Yes	2007-06-26	175.1	21.1	1.4	1.2	16.7	2.2	5.7	30.5	10.66	07-38
Innova-Champion Discs	Dominator	Distance	13.0	5.0	-1.0	2.0	Yes	2012-01-22	175.1	21.1	1.4	1.1	16.2	2.4	5.2	27.75	11.45	12-06
Innova-Champion Discs	Dragon	Fairway	8.0	5.0	-2.0	2.0	Yes	2001-03-24	174.3	21.0	1.9	1.2	17.4	1.8	5.7	32.0	6.12	01-01
Innova-Champion Discs	Eagle (new)	Fairway	7.0	4.0	-1.0	3.0	Yes	1999-03-12	176.0	21.2	1.6	1.2	17.8	1.7	5.7	29.5	7.82	99-04
Innova-Champion Discs	Firebird	Fairway	9.0	3.0	0.0	4.0	Yes	2000-03-21	175.1	21.1	1.4	1.2	17.3	1.9	5.7	26.75	9.75	00-06
Innova-Champion Discs	Firebird L (FL)	Fairway	9.0	3.0	0.0	4.0	Yes	2007-01-17	175.1	21.1	1.7	1.2	17.3	1.9	5.7	29.25	6.46	07-02
Innova-Champion Discs	Firestorm	Distance	14.0	4.0	0.0	3.0	Yes	2017-03-23	175.1	21.1	1.5	1.1	16.5	2.3	5.2	27.5	10.77	17-33
Innova-Champion Discs	Foxbat	Midrange	5.0	6.0	-1.0	0.0	Yes	2013-10-22	180.1	21.7	2.2	1.4	19.0	1.4	6.5	33.5	7.37	13-66
Innova-Champion Discs	Gator	Midrange	5.0	2.0	0.0	4.0	Yes	2000-01-21	176.0	21.2	1.9	1.4	18.6	1.3	6.6	49.5	10.32	00-04
Innova-Champion Discs	Gator3	Midrange	5.0	2.0	0.0	3.0	Yes	2018-07-10	176.0	21.2	1.8	1.4	18.2	1.5	6.6	49.5	12.03	18-59
Innova-Champion Discs	Gazelle	Midrange	6.0	4.0	0.0	2.0	Yes	1994-03-08	176.0	21.2	1.8	1.2	18.0	1.6	5.7	28.25	10.54	94-02
Innova-Champion Discs	Groove	Distance	13.0	6.0	-2.0	2.0	Yes	2008-12-05	175.1	21.1	1.7	1.2	16.3	2.4	5.7	28.0	10.21	08-37
Innova-Champion Discs	Hydra	Putter	3.0	3.0	0.0	1.0	Yes	2004-05-10	175.1	21.1	2.0	1.4	18.3	1.4	6.6	44.75	7.82	04-04
Innova-Champion Discs	Katana	Distance	13.0	5.0	-3.0	3.0	Yes	2009-10-18	176.0	21.2	1.8	1.2	16.3	2.5	5.7	26.25	10.32	09-23
Innova-Champion Discs	Kite	Midrange	5.0	6.0	-3.0	1.0	Yes	2007-02-11	176.0	21.2	1.9	1.3	17.9	1.6	6.1	36.25	9.53	07-11
Innova-Champion Discs	Krait	Distance	11.0	5.0	-1.0	2.0	Yes	2012-05-02	176.0	21.2	2.3	1.2	16.6	2.3	5.7	30.25	12.13	12-20
Innova-Champion Discs	Leopard	Midrange	6.0	5.0	-2.0	1.0	Yes	1999-05-12	176.0	21.2	1.6	1.1	18.0	1.6	5.2	29.25	7.6	99-07
Innova-Champion Discs	Leopard 3	Fairway	7.0	5.0	-2.0	1.0	Yes	2017-08-29	176.0	21.2	1.7	1.1	17.8	1.7	5.2	29.25	9.3	17-94
Innova-Champion Discs	Mako	Midrange	4.0	5.0	0.0	0.0	Yes	2009-09-18	180.1	21.7	2.1	1.4	19.3	1.2	6.5	52.75	8.96	09-22
Innova-Champion Discs	Mako 3	Midrange	5.0	5.0	0.0	0.0	Yes	2017-08-29	180.1	21.7	1.9	1.4	19.0	1.4	6.5	52.75	8.96	17-95
Innova-Champion Discs	Mamba	Distance	11.0	6.0	-5.0	1.0	Yes	2012-01-22	175.1	21.1	1.7	1.1	16.9	2.1	5.2	27.5	8.48	12-07
Innova-Champion Discs	Manta	Midrange	5.0	5.0	-2.0	1.0	Yes	2017-01-24	180.9	21.8	1.9	1.2	19.0	1.4	5.5	37.25	9.98	17-07
Innova-Champion Discs	Max	Distance	11.0	3.0	0.0	5.0	Yes	2006-09-21	176.0	21.2	1.9	1.2	16.8	2.2	5.7	34.0	10.43	06-40
Innova-Champion Discs	Mirage	Putter	3.0	4.0	-3.0	0.0	Yes	2016-03-02	176.0	21.2	1.9	1.2	19.0	1.1	5.7	50.25	6.35	16-24
Innova-Champion Discs	Monarch	Distance	10.0	5.0	-4.0	1.0	Yes	2008-06-02	175.1	21.1	1.6	1.2	17.0	2.1	5.7	30.75	10.21	08-20
Innova-Champion Discs	Monster	Distance	10.0	3.0	0.0	5.0	Yes	2003-01-26	176.0	21.2	1.4	1.2	17.2	2.0	5.7	32.25	8.85	03-03
Innova-Champion Discs	Mystere	Distance	11.0	6.0	-2.0	2.0	Yes	2015-08-25	175.1	21.1	1.6	1.1	16.9	2.1	5.2	31.5	7.26	15-65
Innova-Champion Discs	Nova	Putter	2.0	3.0	0.0	0.0	Yes	2013-09-03	176.8	21.3	2.7	1.5	19.1	1.1	7.0	59.0	4.65	13-56
Innova-Champion Discs	ORC	Distance	10.0	4.0	-1.0	3.0	Yes	2004-01-25	176.0	21.2	1.9	1.2	17.2	2.0	5.7	27.0	8.85	04-01
Innova-Champion Discs	Panther	Midrange	5.0	4.0	-2.0	1.0	Yes	1993-07-26	176.0	21.2	1.9	1.2	18.6	1.3	5.7	34.0	12.02	93-07
Innova-Champion Discs	Pig	Putter	3.0	1.0	0.0	3.0	Yes	2008-05-20	176.0	21.2	2.1	1.4	18.4	1.4	6.6	57.5	9.64	08-17
Innova-Champion Discs	Pole Cat	Putter	1.0	3.0	0.0	0.0	Yes	1994-01-05	176.8	21.3	2.3	1.6	19.9	0.7	7.5	83.25	4.2	94-01
Innova-Champion Discs	Rat	Midrange	4.0	2.0	0.0	3.0	Yes	2017-06-26	176.0	21.2	1.7	1.4	18.9	1.1	6.6	66.75	6.01	17-77
Innova-Champion Discs	Rhyno	Putter	2.0	1.0	0.0	3.0	Yes	1998-11-09	176.0	21.2	1.9	1.3	19.2	1.0	6.1	56.75	6.24	98-12
Innova-Champion Discs	Roadrunner	Fairway	9.0	5.0	-4.0	1.0	Yes	2005-08-27	175.1	21.1	1.4	1.2	17.5	1.8	5.7	29.0	8.39	05-16
Innova-Champion Discs	Roc	Midrange	4.0	4.0	0.0	3.0	Yes	1987-01-01	180.1	21.7	2.0	1.3	19.3	1.2	6.0	43.0	8.51	87-05
Innova-Champion Discs	Roc 3	Midrange	5.0	4.0	0.0	3.0	Yes	2017-08-29	180.9	21.8	2.0	1.3	19.0	1.4	6.0	43.0	7.94	17-96
Innova-Champion Discs	RocX3	Midrange	5.0	4.0	0.0	3.5	Yes	2017-02-22	180.9	21.8	2.0	1.4	19.0	1.4	6.4	49.75	9.07	17-17
Innova-Champion Discs	Savant	Fairway	9.0	5.0	-1.0	2.0	Yes	2014-09-05	175.1	21.1	1.6	1.1	17.2	1.9	5.2	36.5	6.24	14-71
Innova-Champion Discs	Shark	Midrange	4.0	4.0	0.0	2.0	Yes	1989-01-01	180.1	21.7	2.1	1.3	19.3	1.2	6.0	39.5	11.32	89-06
Innova-Champion Discs	Shark 3	Midrange	5.0	4.0	0.0	2.0	Yes	2017-08-29	180.9	21.8	2.0	1.3	19.0	1.4	6.0	39.5	8.28	17-97
Innova-Champion Discs	Shryke	Distance	13.0	6.0	-2.0	2.0	Yes	2016-11-14	175.1	21.1	1.7	1.2	16.4	2.3	5.7	26.0	10.32	16-71
Innova-Champion Discs	Sidewinder	Fairway	9.0	5.0	-3.0	1.0	Yes	2004-11-24	175.1	21.1	1.4	1.2	17.5	1.8	5.7	28.0	10.43	04-13
Innova-Champion Discs	Skeeter	Midrange	5.0	5.0	-1.0	1.0	Yes	2006-07-08	176.0	21.2	1.9	1.3	18.7	1.3	6.1	43.25	9.07	06-28
Innova-Champion Discs	Sonic	Putter	1.0	2.0	-4.0	0.0	Yes	2007-09-19	179.3	21.6	2.3	1.6	20.4	0.6	7.4	82.0	3.97	07-43
Innova-Champion Discs	Spider	Midrange	5.0	3.0	0.0	1.0	Yes	2001-01-19	176.0	21.2	1.7	1.4	18.6	1.3	6.6	45.0	7.82	01-02
Innova-Champion Discs	Starfire	Distance	10.0	4.0	0.0	3.0	Yes	2003-05-08	176.0	21.2	1.4	1.1	17.2	2.0	5.2	29.0	7.71	03-09
Innova-Champion Discs	Starfire L (SL)	Distance	10.0	4.0	0.0	3.0	Yes	2007-06-21	175.1	21.1	1.7	1.1	17.1	2.0	5.2	29.0	9.41	07-35
Innova-Champion Discs	Stingray	Midrange	4.0	5.0	-3.0	1.0	Yes	1987-01-01	180.1	21.7	1.8	1.1	19.3	1.2	5.1	38.25	9.1	87-08
Innova-Champion Discs	Stud	Putter	3.0	3.0	0.0	2.0	Yes	2016-01-20	176.0	21.2	1.9	1.3	18.9	1.1	6.1	69.5	11.11	16-07
Innova-Champion Discs	TeeBird	Fairway	7.0	5.0	0.0	2.0	Yes	1999-05-03	176.0	21.2	1.5	1.1	17.8	1.7	5.2	29.25	7.83	99-06
Innova-Champion Discs	Teebird 3	Fairway	8.0	4.0	0.0	2.0	Yes	2017-08-29	176.0	21.2	1.7	1.1	17.5	1.8	5.2	29.25	9.41	17-98
Innova-Champion Discs	TeeBird L (TL)	Fairway	7.0	5.0	0.0	1.0	Yes	2007-03-08	175.1	21.1	1.6	1.2	17.5	1.8	5.7	33.0	12.25	07-17
Innova-Champion Discs	TeeDevil	Distance	12.0	5.0	-1.0	2.0	Yes	2011-08-14	176.0	21.2	1.6	1.2	16.4	2.4	5.7	28.5	11.79	11-37
Innova-Champion Discs	Tee-Rex	Distance	11.0	4.0	0.0	4.0	Yes	2006-03-06	175.1	21.1	1.7	1.2	16.8	2.2	5.7	30.0	10.21	06-11
Innova-Champion Discs	Tern	Distance	12.0	6.0	-3.0	2.0	Yes	2012-12-03	175.1	21.1	1.7	1.1	16.6	2.3	5.2	28.5	11.91	12-55
Innova-Champion Discs	TL 3	Fairway	8.0	4.0	0.0	1.0	Yes	2017-08-29	176.0	21.2	1.7	1.1	17.6	1.8	5.2	33.0	7.48	17-99
Innova-Champion Discs	Thunderbird	Fairway	9.0	5.0	0.0	2.0	Yes	2014-08-05	176.0	21.2	1.6	1.1	17.3	1.9	5.2	31.0	6.46	14-63
Innova-Champion Discs	Valkyrie	Fairway	9.0	4.0	-2.0	2.0	Yes	2000-08-28	175.1	21.1	1.4	1.2	17.3	1.9	5.7	26.0	8.05	00-09
Innova-Champion Discs	Viking	Fairway	9.0	4.0	-1.0	2.0	Yes	2003-06-02	176.0	21.2	1.4	1.1	17.4	1.9	5.2	30.75	7.48	03-10
Innova-Champion Discs	Viper	Midrange	6.0	4.0	1.0	5.0	Yes	1991-12-03	180.1	21.7	2.0	1.3	18.5	1.6	6.0	29.25	8.51	91-07
Innova-Champion Discs	VRoc	Midrange	4.0	4.0	0.0	1.0	Yes	2014-12-30	180.9	21.8	2.0	1.3	19.0	1.4	6.0	43.0	9.3	14-99
Innova-Champion Discs	Vulcan	Distance	13.0	5.0	-4.0	2.0	Yes	2010-12-09	176.0	21.2	1.4	1.1	16.4	2.4	5.2	27.25	11.0	10-39
Innova-Champion Discs	Wahoo	Distance	12.0	6.0	-2.0	2.0	Yes	2010-11-19	174.3	21.0	2.0	1.2	16.1	2.4	5.7	33.25	10.21	10-37
Innova-Champion Discs	Wedge	Putter	3.5	3.0	-3.0	1.0	Yes	2010-12-09	176.0	21.2	1.7	1.2	19.2	1.0	5.7	47.25	4.99	10-41
Innova-Champion Discs	Whale	Putter	2.0	3.0	0.0	1.0	Yes	2014-12-07	175.1	21.1	2.0	1.5	19.0	1.0	7.1	75.25	8.5	14-90
Innova-Champion Discs	Whippet	Midrange	6.0	3.0	1.0	5.0	Yes	1992-02-07	176.0	21.2	1.9	1.3	17.8	1.7	6.1	26.0	12.25	92-02
Innova-Champion Discs	Wolf	Midrange	4.0	3.0	-4.0	1.0	Yes	1999-02-14	180.9	21.8	1.6	1.1	19.4	1.2	5.0	30.25	6.35	99-03
Innova-Champion Discs	Wombat	Midrange	5.0	6.0	-1.0	0.0	Yes	2015-02-06	180.9	21.8	2.2	1.4	18.9	1.4	6.4	36.25	4.54	15-17
Innova-Champion Discs	Wombat3	Midrange	5.0	6.0	-1.0	0.0	Yes	2017-03-08	180.9	21.8	2.0	1.4	18.9	1.4	6.4	30.0	7.26	17-20
Innova-Champion Discs	Wraith	Distance	11.0	5.0	-1.0	3.0	Yes	2005-08-15	175.1	21.1	1.4	1.2	16.9	2.1	5.7	26.75	8.85	05-15
Innova-Champion Discs	XCaliber	Distance	12.0	5.0	0.0	4.0	Yes	2008-03-13	175.1	21.1	1.6	1.2	16.4	2.3	5.7	29.5	8.85	08-09
Innova-Champion Discs	Lion	Midrange	5.0	4.0	0.0	2.0	Yes	2019-01-31	180.1	21.7	1.7	1.4	19.0	1.3	6.5	54.75	11.57	19-03
Kastaplast	Berg	Putter	1.0	1.0	0.0	2.0	Yes	2015-03-27	175.1	21.1	2.0	1.4	19.3	0.9	6.6	87.0	4.31	15-35
Kastaplast	Falk	Fairway	9.0	6.0	-2.0	2.0	Yes	2017-04-13	175.1	21.1	1.8	1.1	17.2	1.9	5.2	30.25	9.53	17-54
Kastaplast	Grym	Distance	13.0	5.0	-2.0	2.0	Yes	2015-06-26	175.1	21.1	1.8	1.1	16.7	2.2	5.2	26.25	9.85	15-59
Kastaplast	Grym X	Distance	13.0	5.0	-1.0	2.0	Yes	2016-04-06	176.0	21.2	1.6	1.1	16.9	2.2	5.2	26.0	10.21	16-26
Kastaplast	Kaxe	Midrange	6.0	4.0	0.0	3.0	Yes	2014-05-19	174.3	21.0	1.9	1.3	18.0	1.5	6.2	34.0	9.3	14-48
Kastaplast	Kaxe Z	Midrange	6.0	5.0	0.0	2.0	Yes	2014-10-15	175.1	21.1	1.9	1.3	18.0	1.5	6.2	34.0	8.5	14-79
Kastaplast	Rask (old)	Distance	14.0	3.0	0.0	4.0	Yes	2013-07-18	175.1	21.1	1.6	1.1	16.7	2.2	5.2	26.5	7.71	13-50
Kastaplast	Rask (new)	Distance	14.0	3.0	0.0	4.0	Yes	2014-01-12	176.0	21.2	1.6	1.1	16.8	2.2	5.2	26.5	9.75	14-05
Kastaplast	Reko	Putter	3.0	3.0	0.0	1.0	Yes	2015-12-15	176.0	21.2	1.8	1.4	19.1	1.0	6.6	61.25	10.43	15-87
Kastaplast	Stål	Fairway	9.0	4.0	0.0	3.0	Yes	2017-12-11	175.1	21.1	1.8	1.1	17.3	1.9	5.2	30.5	11.0	17-126
Kestrel Outdoors	Beginner Fairway Driver	Fairway	7.0	6.0	1.0	1.0	Yes	2018-03-15	174.3	21.0	1.5	1.1	17.6	1.7	5.2	29.0	7.14	18-22
Kestrel Outdoors	Beginner Mid-Range	Midrange	3.0	3.0	0.0	2.0	Yes	2018-03-15	175.1	21.1	1.9	1.2	19.1	1.0	5.7	58.75	6.46	18-23
Kestrel Outdoors	Beginner Putter	Putter	1.0	3.0	0.0	1.0	Yes	2018-03-15	176.0	21.2	1.9	1.6	19.6	0.8	7.5	104.25	7.03	18-24
Latitude 64	Anchor	Midrange	5.0	4.0	0.0	3.0	Yes	2016-12-07	180.1	21.7	1.8	1.5	18.9	1.4	6.9	43.25	10.32	16-75
Latitude 64	Ballista	Distance	14.0	5.0	-1.0	3.0	Yes	2014-12-19	175.1	21.1	1.7	1.1	16.3	2.4	5.2	26.0	8.05	14-93
Latitude 64	Ballista Pro	Distance	14.0	4.0	0.0	3.0	Yes	2017-12-11	176.0	21.2	1.7	1.1	16.3	2.4	5.2	26.75	11.79	17-127
Latitude 64	Beetle	Putter	1.0	7.0	-1.0	0.0	Yes	2017-03-08	181.8	21.9	2.2	1.6	20.3	0.8	7.3	89.25	3.06	17-24
Latitude 64	Bite	Putter	3.0	3.0	0.0	0.0	Yes	2015-11-16	187.6	22.6	2.3	1.4	21.2	0.7	6.2	80.25	3.51	15-74
Latitude 64	Blitz	Distance	12.0	3.0	0.0	4.0	Yes	2009-07-21	176.0	21.2	1.6	1.2	16.8	2.2	5.7	30.5	9.19	09-18
Latitude 64	Bolt	Distance	13.0	6.0	-2.0	3.0	Yes	2011-05-17	175.1	21.1	1.7	1.1	16.4	2.4	5.2	27.75	10.09	11-20
Latitude 64	Bryce	Fairway	9.0	6.0	-2.0	2.0	Yes	2017-04-03	176.0	21.2	1.7	1.1	17.2	2.0	5.2	28.25	10.66	17-40
Latitude 64	Caltrop	Putter	2.0	2.0	0.0	2.0	Yes	2016-12-07	174.3	21.0	1.9	1.5	19.1	1.0	7.1	64.0	10.66	16-76
Latitude 64	Claymore	Midrange	5.0	5.0	-1.0	1.0	Yes	2014-04-13	180.1	21.7	1.9	1.2	18.9	1.4	5.5	42.5	8.39	14-35
Latitude 64	Compass	Midrange	5.0	5.0	0.0	1.0	Yes	2015-12-09	179.3	21.6	2.3	1.3	19.0	1.3	6.0	42.75	10.77	15-83
Latitude 64	Core	Midrange	6.0	5.0	-0.5	1.0	Yes	2008-03-18	180.1	21.7	2.0	1.2	18.9	1.4	5.5	48.0	8.5	08-16
Latitude 64	Culverin	Fairway	9.0	5.0	-0.5	3.0	Yes	2016-01-15	176.0	21.2	2.0	1.1	17.0	2.0	5.2	31.25	11.91	16-04
Latitude 64	Cutlass	Distance	13.0	5.0	0.0	3.5	Yes	2015-12-09	175.1	21.1	1.7	1.2	16.6	2.2	5.7	28.75	10.43	15-82
Latitude 64	Dagger	Putter	2.0	5.0	0.0	1.0	Yes	2014-04-13	175.1	21.1	2.1	1.5	19.1	1.0	7.1	75.25	4.65	14-36
Latitude 64	Diamond	Fairway	8.0	6.0	-3.0	1.0	Yes	2011-03-21	175.1	21.1	1.4	1.1	17.4	1.8	5.2	30.0	6.92	11-14
Latitude 64	Explorer	Fairway	7.0	5.0	0.0	2.0	Yes	2017-12-11	176.0	21.2	1.7	1.1	17.7	1.8	5.2	32.75	10.21	17-128
Latitude 64	Falchion	Fairway	8.0	5.0	-1.0	2.0	Yes	2016-02-25	175.1	21.1	1.6	1.1	17.3	1.9	5.2	34.5	11.0	16-13
Latitude 64	Flow	Distance	11.0	6.0	-0.5	2.0	Yes	2010-10-27	175.1	21.1	1.8	1.2	16.8	2.2	5.7	27.75	11.11	10-35
Latitude 64	Fuji	Midrange	4.0	4.0	0.0	2.0	Yes	2018-01-29	180.1	21.7	1.8	1.2	18.9	1.3	5.5	42.75	8.96	18-06
Latitude 64	Fury	Fairway	9.0	6.0	-2.0	2.0	Yes	2013-04-19	176.0	21.2	1.8	1.1	17.4	1.9	5.2	36.75	9.98	13-30
Latitude 64	Fuse	Midrange	5.0	6.0	-1.0	0.0	Yes	2010-04-04	181.8	21.9	2.1	1.3	19.3	1.3	5.9	42.5	8.28	10-04
Latitude 64	Gauntlet	Putter	2.0	4.0	0.0	1.0	Yes	2015-11-16	176.0	21.2	2.1	1.5	19.0	1.1	7.1	61.75	7.94	15-73
Latitude 64	Gladiator	Distance	13.0	5.0	0.0	3.5	Yes	2016-12-07	175.1	21.1	1.7	1.1	16.5	2.3	5.2	28.5	12.02	16-77
Latitude 64	Gobi	Midrange	6.0	5.0	-0.5	1.0	Yes	2017-04-03	180.1	21.7	1.8	1.3	18.8	1.4	6.0	37.5	10.43	17-41
Latitude 64	Halo	Distance	13.0	5.0	-0.5	3.0	Yes	2009-12-03	176.0	21.2	1.4	1.1	16.3	2.4	5.2	26.25	11.11	09-30
Latitude 64	Havoc	Distance	13.0	5.0	-1.0	3.0	Yes	2011-01-10	175.1	21.1	1.7	1.1	16.6	2.3	5.2	28.0	12.02	11-02
Latitude 64	Jade	Fairway	9.0	6.0	-2.0	1.0	Yes	2013-12-20	174.3	21.0	1.8	1.1	17.3	1.9	5.2	30.0	8.85	13-80
Latitude 64	Knight	Distance	14.0	4.0	-1.5	4.0	Yes	2016-02-25	175.1	21.1	1.6	1.1	16.2	2.5	5.2	28.25	10.89	16-14
Latitude 64	Macana	Putter	2.0	5.0	0.0	1.0	Yes	2015-04-10	175.1	21.1	2.1	1.4	18.9	1.1	6.6	74.0	8.73	15-36
Latitude 64	Mace	Midrange	5.0	5.0	0.0	2.0	Yes	2013-03-04	180.9	21.8	2.1	1.3	19.2	1.3	6.0	38.75	8.39	13-21
Latitude 64	Maul	Fairway	7.0	7.0	-2.0	1.0	Yes	2015-04-10	177.6	21.4	2.0	1.1	17.7	1.8	5.1	33.0	7.48	15-37
Latitude 64	Mercy	Putter	2.0	4.0	0.0	1.0	Yes	2012-05-20	176.0	21.2	2.1	1.5	19.1	1.1	7.1	61.5	7.94	12-24
Latitude 64	Missilen	Distance	15.0	3.0	-0.5	4.5	Yes	2014-05-22	177.6	21.4	1.7	1.1	16.4	2.5	5.1	28.0	9.07	14-51
Latitude 64	Musket	Fairway	10.0	5.0	-0.5	2.0	Yes	2018-05-09	176.0	21.2	1.8	1.1	17.1	2.0	5.2	28.5	10.55	18-45
Latitude 64	Pain	Midrange	4.0	4.0	0.0	3.0	Yes	2011-01-10	180.1	21.7	2.0	1.4	18.9	1.4	6.5	40.75	9.98	11-01
Latitude 64	Pearl	Midrange	4.0	6.0	-4.0	0.0	Yes	2012-06-27	179.3	21.6	1.8	1.2	19.2	1.2	5.6	49.25	4.2	12-32
Latitude 64	Pioneer	Fairway	9.0	3.0	0.0	4.0	Yes	2018-11-23	176.0	21.2	1.5	1.2	17.3	1.9	5.7	27.0	11.57	18-79
Latitude 64	Pure	Putter	3.0	3.0	-1.0	1.0	Yes	2009-04-13	176.0	21.2	1.8	1.4	19.2	1.0	6.6	48.25	6.69	09-13
Latitude 64	Raketen	Distance	15.0	4.0	-2.0	3.0	Yes	2015-06-10	175.1	21.1	1.7	1.1	16.3	2.4	5.2	26.5	10.21	15-57
Latitude 64	Recoil	Distance	12.0	4.0	0.0	3.0	Yes	2018-11-23	176.0	21.2	1.8	1.2	16.8	2.2	5.7	26.0	11.22	18-80
Latitude 64	River	Fairway	7.0	7.0	-1.0	1.0	Yes	2010-06-02	178.5	21.5	1.9	1.2	17.8	1.8	5.6	30.5	9.07	10-16
Latitude 64	River Pro	Fairway	6.0	5.0	0.0	2.0	Yes	2017-04-13	177.6	21.4	1.8	1.3	17.8	1.8	6.1	34.0	10.87	17-47
Latitude 64	Ruby	Putter	3.0	5.0	-3.0	1.0	Yes	2012-07-02	178.5	21.5	1.9	1.4	19.5	1.0	6.5	69.0	3.86	12-34
Latitude 64	Saint	Fairway	9.0	7.0	-2.0	2.0	Yes	2012-05-20	176.0	21.2	1.9	1.2	17.4	1.9	5.7	29.25	8.85	12-25
Latitude 64	Saint Pro	Fairway	8.0	5.0	-0.5	2.0	Yes	2013-10-17	176.0	21.2	2.0	1.2	17.5	1.8	5.7	33.0	8.16	13-65
Latitude 64	Sarek	Putter	2.0	4.0	0.0	1.5	Yes	2017-04-03	176.0	21.2	2.2	1.5	19.0	1.1	7.1	61.0	8.39	17-42
Latitude 64	Scythe	Distance	12.0	3.0	0.0	4.0	Yes	2014-03-24	175.1	21.1	1.5	1.1	16.6	2.2	5.2	29.0	10.66	14-23
Latitude 64	Sinus AP	Putter	2.0	2.0	0.0	2.0	Yes	2006-02-12	176.0	21.2	1.9	1.4	19.3	0.9	6.6	50.75	9.75	06-04
Latitude 64	Sinus SP	Putter	2.0	2.0	0.0	2.0	Yes	2006-02-12	176.0	21.2	1.9	1.4	19.3	0.9	6.6	50.75	4.88	06-05
Latitude 64	Spark	Fairway	7.0	4.0	-0.5	2.0	Yes	2015-04-29	176.0	21.2	1.5	1.1	17.4	1.9	5.2	34.0	9.3	15-49
Latitude 64	Spike	Putter	4.0	3.0	-1.0	1.0	Yes	2007-03-25	176.0	21.2	1.8	1.3	19.2	1.0	6.1	56.25	4.65	07-21
Latitude 64	Stiletto	Distance	13.0	3.0	0.5	5.0	Yes	2013-05-30	176.8	21.3	1.7	1.1	16.4	2.4	5.2	26.75	9.98	13-33
Latitude 64	Striker	Fairway	8.0	5.0	0.0	2.0	Yes	2008-11-12	177.6	21.4	1.6	1.2	17.6	1.9	5.6	29.0	11.68	08-32
Latitude 64	Villain	Distance	12.0	4.0	0.0	4.0	Yes	2012-04-01	175.1	21.1	1.7	1.2	16.8	2.1	5.7	28.0	10.41	12-63
Latitude 64	Vision	Fairway	8.0	6.0	-1.0	2.0	Yes	2007-01-08	175.1	21.1	1.9	1.1	17.4	1.8	5.2	33.0	12.25	07-01
Latitude 64	XXX	Fairway	7.0	3.0	0.0	4.0	Yes	2008-11-21	178.5	21.5	1.5	1.1	17.5	2.0	5.1	32.5	12.02	08-33
Latitude 64	Zion	Fairway	9.0	4.0	-0.5	3.0	Yes	2017-10-08	176.0	21.2	1.7	1.1	17.2	2.0	5.2	28.0	9.75	17-109
Legacy Discs	Aftermath	Distance	13.0	5.0	-2.0	3.0	Yes	2017-06-26	176.0	21.2	1.7	1.1	16.3	2.5	5.2	29.0	9.19	17-80
Legacy Discs	Bandit	Fairway	9.0	5.0	-2.0	1.0	Yes	2013-09-25	176.8	21.3	1.5	1.1	17.3	2.0	5.2	30.75	7.6	13-60
Legacy Discs	Cannon	Distance	14.0	5.0	-3.0	3.0	Yes	2011-10-25	175.1	21.1	1.8	1.2	16.1	2.5	5.7	26.0	10.43	11-39
Legacy Discs	Clozer	Putter	2.0	3.0	0.0	2.0	Yes	2012-02-14	176.0	21.2	2.1	1.4	19.4	0.9	6.6	58.25	8.73	12-10
Legacy Discs	Clutch	Putter	2.0	3.0	0.0	1.0	Yes	2012-01-02	176.0	21.2	2.0	1.4	19.4	0.9	6.6	49.5	6.92	12-01
Legacy Discs	Enemy	Fairway	9.0	3.0	0.0	4.0	Yes	2015-08-25	175.1	21.1	1.9	1.2	17.2	1.9	5.7	32.5	9.19	15-64
Legacy Discs	Fighter	Fairway	10.0	3.0	0.0	4.0	Yes	2016-06-06	176.0	21.2	1.7	1.2	17.1	2.0	5.7	27.75	11.34	16-53
Legacy Discs	Gauge	Midrange	5.0	5.0	0.0	1.0	Yes	2013-09-25	180.9	21.8	2.2	1.4	19.4	1.2	6.4	48.25	7.03	13-61
Legacy Discs	Ghost	Midrange	4.0	5.0	0.0	3.0	Yes	2012-05-13	180.1	21.7	2.0	1.3	19.3	1.2	6.0	42.75	5.44	12-22
Legacy Discs	Hunter	Putter	2.0	4.0	0.0	0.0	Yes	2015-02-06	176.0	21.2	2.0	1.4	19.4	0.9	6.6	54.75	5.9	15-19
Legacy Discs	Mongoose	Fairway	9.0	5.0	-3.0	1.0	Yes	2013-09-25	176.8	21.3	1.5	1.1	17.3	2.0	5.2	30.5	7.82	13-62
Legacy Discs	Nemesis	Distance	10.0	6.0	-4.0	2.0	Yes	2015-02-06	176.8	21.3	1.5	1.1	17.3	2.0	5.2	29.0	7.82	15-20
Legacy Discs	Outlaw	Distance	12.0	5.0	-1.0	3.0	Yes	2014-02-25	174.3	21.0	1.6	1.1	16.4	2.3	5.2	29.0	12.13	14-15
Legacy Discs	Outlaw (retooled)	Distance	12.0	5.0	-1.0	3.0	Yes	2014-09-17	175.1	21.1	1.6	1.1	16.4	2.3	5.2	29.0	10.43	14-73
Legacy Discs	Patriot	Fairway	7.0	5.0	-2.0	1.0	Yes	2012-11-28	176.0	21.2	1.8	1.1	17.6	1.8	5.2	28.25	12.02	12-53
Legacy Discs	Phenom	Fairway	8.0	5.0	-1.0	2.0	Yes	2015-05-28	176.0	21.2	1.7	1.2	17.7	1.8	5.7	33.25	8.16	15-53
Legacy Discs	Prowler	Putter	2.0	3.0	0.0	1.5	Yes	2015-02-25	176.0	21.2	2.2	1.4	19.4	0.9	6.6	61.5	6.01	15-28
Legacy Discs	Pursuit	Distance	5.0	3.0	0.0	3.0	Yes	2018-06-21	176.8	21.3	1.6	1.3	18.3	1.5	6.1	44.0	9.19	18-55
Legacy Discs	Rampage	Distance	14.0	5.0	-1.0	4.0	Yes	2011-07-14	175.1	21.1	1.8	1.2	16.1	2.5	5.7	26.0	10.55	11-32
Legacy Discs	Recluse	Midrange	4.0	3.0	0.0	4.0	Yes	2018-06-21	176.8	21.3	1.6	1.3	18.3	1.5	6.1	44.0	9.07	18-56
Legacy Discs	Recon	Distance	13.0	5.0	-1.0	3.0	Yes	2017-06-26	176.0	21.2	1.7	1.1	16.4	2.4	5.2	28.75	8.05	17-81
Legacy Discs	Rival	Fairway	7.0	5.0	0.0	2.0	Yes	2012-11-02	176.8	21.3	2.0	1.2	17.8	1.8	5.6	29.25	11.11	11-54
Lightning Discs	#1 Hookshot	Midrange	6.0	4.0	0.0	3.0	Yes	1995-03-21	184.3	22.2	1.7	1.5	19.2	1.5	6.8	32.5	7.7	93-11
Lightning Discs	#1 Hyzer	Fairway	7.0	3.0	0.0	4.0	Yes	1995-07-06	180.1	21.7	1.8	1.3	18.1	1.8	6.0	29.25	10.66	95-03
Lightning Discs	#2 Helix	Fairway	8.0	5.0	-1.0	3.0	Yes	2001-09-13	176.0	21.2	1.7	1.4	17.8	1.7	6.6	34.0	7.48	01-09
Lightning Discs	#2 Putter	Putter	1.0	2.0	-2.0	1.0	Yes	2000-11-10	180.9	21.8	2.6	1.6	19.8	1.0	7.3	53.75	4.2	00-14
Lightning Discs	#2 Upshot	Putter	1.0	3.0	-2.0	0.0	Yes	2000-03-28	177.6	21.4	2.0	1.5	19.6	0.9	7.0	51.25	6.01	00-07
Lightning Discs	#3 Driver	Midrange	6.0	5.0	-2.0	3.0	Yes	1997-03-15	186.8	22.5	2.0	1.2	19.3	1.6	5.3	29.75	8.05	97-02
Lightning Discs	#4 Driver	Fairway	7.0	4.0	-1.0	2.0	Yes	2000-03-28	176.0	21.2	1.7	1.1	17.9	1.7	5.2	26.75	8.05	00-08
Lightning Discs	Upshot	Putter	1.0	3.0	-2.0	0.0	Yes	1993-02-13	179.3	21.6	2.2	1.4	20.2	0.7	6.5	63.75	2.04	93-02
Mint Discs	Alpha	Fairway	8.0	4.0	0.0	2.0	Yes	2017-01-28	175.1	21.1	2.1	1.2	17.1	2.0	5.7	30.5	8.39	17-13
Mint Discs	Bobcat	Midrange	5.0	5.0	0.0	2.0	Yes	2019-01-31	177.6	21.4	1.9	1.4	18.5	1.4	6.5	36.0	11.46	19-09
MVP Disc Sports	Amp	Fairway	8.0	5.0	-1.5	1.0	Yes	2012-11-14	174.3	21.0	1.7	1.1	17.2	1.9	5.2	26.0	11.0	12-51
MVP Disc Sports	Anode	Putter	2.5	3.0	0.0	0.5	Yes	2012-01-15	174.3	21.0	2.1	1.4	18.9	1.1	6.7	54.0	6.8	12-05
MVP Disc Sports	Atom	Putter	3.0	3.0	0.0	1.0	Yes	2014-12-07	175.1	21.1	1.9	1.4	18.8	1.1	6.6	60.75	7.82	14-89
MVP Disc Sports	Axis	Midrange	5.0	5.0	-1.0	1.0	Yes	2011-07-15	180.9	21.8	2.1	1.3	19.2	1.3	6.0	43.75	7.37	11-34
MVP Disc Sports	Catalyst	Distance	13.0	5.5	-2.0	2.0	Yes	2016-06-06	175.1	21.1	1.9	1.2	16.3	2.4	5.7	30.0	11.11	16-55
MVP Disc Sports	Deflector	Midrange	5.0	3.5	0.0	4.0	Yes	2018-02-26	178.5	21.5	2.0	1.3	18.3	1.6	6.0	40.0	10.77	18-28
MVP Disc Sports	Dimension	Distance	14.5	5.0	0.0	3.0	Yes	2017-04-13	174.3	21.0	1.8	1.2	16.0	2.5	5.7	27.75	11.68	17-50
MVP Disc Sports	Energy	Distance	13.0	4.0	0.0	4.0	Yes	2016-06-06	175.1	21.1	2.1	1.2	16.3	2.4	5.7	26.0	11.91	16-56
MVP Disc Sports	Impulse	Distance	9.0	5.0	-3.0	1.0	Yes	2014-02-22	174.3	21.0	1.4	1.2	17.0	2.0	5.7	28.75	10.89	14-12
MVP Disc Sports	Inertia	Distance	9.0	5.0	-2.0	2.0	Yes	2014-02-10	175.1	21.1	1.4	1.2	17.1	2.0	5.7	27.25	11.91	14-07
MVP Disc Sports	Ion	Putter	2.5	3.0	0.0	1.5	Yes	2009-09-14	174.3	21.0	1.9	1.6	18.8	1.1	7.6	62.5	2.83	09-21
MVP Disc Sports	Limit	Distance	14.5	3.5	0.0	4.0	Yes	2017-04-13	175.1	21.1	1.8	1.2	16.0	2.5	5.7	27.25	11.91	17-51
MVP Disc Sports	Matrix	Midrange	5.0	4.0	-1.0	2.0	Yes	2016-05-10	178.5	21.5	1.6	1.4	18.7	1.4	6.5	46.5	9.75	16-44
MVP Disc Sports	Motion	Distance	9.0	3.5	0.0	4.0	Yes	2014-02-22	174.3	21.0	1.4	1.2	17.0	2.0	5.7	30.25	12.02	14-13
MVP Disc Sports	Nitro	Distance	13.0	4.0	-0.5	3.0	Yes	2016-05-13	176.0	21.2	1.9	1.2	16.3	2.4	5.7	26.75	11.57	16-47
MVP Disc Sports	Octane	Distance	13.0	5.0	-1.0	2.0	Yes	2016-05-13	175.1	21.1	1.7	1.2	16.3	2.4	5.7	27.25	11.87	16-48
MVP Disc Sports	Orbital	Distance	11.0	5.0	-4.5	1.0	Yes	2015-02-06	175.1	21.1	1.4	1.1	16.7	2.2	5.2	28.5	10.77	15-01
MVP Disc Sports	Particle	Putter	3.0	3.0	0.0	2.5	Yes	2017-06-11	175.1	21.1	2.0	1.4	18.8	1.1	6.6	61.25	8.28	17-71
MVP Disc Sports	Phase	Distance	11.0	3.5	0.0	4.0	Yes	2015-02-06	175.1	21.1	1.4	1.1	16.7	2.2	5.2	29.5	11.25	15-02
MVP Disc Sports	Photon	Distance	11.0	5.0	-1.0	2.5	Yes	2015-02-06	175.1	21.1	1.4	1.1	16.6	2.2	5.2	26.75	11.57	15-03
MVP Disc Sports	Relativity	Distance	14.5	5.5	-3.0	1.5	Yes	2017-04-13	175.1	21.1	1.9	1.2	16.0	2.5	5.7	27.25	11.77	17-52
MVP Disc Sports	Relay	Fairway	6.0	5.0	-2.0	1.0	Yes	2015-05-28	175.1	21.1	1.5	1.2	17.7	1.7	5.7	35.75	8.16	15-54
MVP Disc Sports	Resistor	Fairway	6.5	4.0	0.0	3.5	Yes	2013-09-23	175.1	21.1	1.5	1.2	17.5	1.7	5.7	31.75	10.21	13-59
MVP Disc Sports	Servo	Fairway	6.5	5.0	-1.0	2.0	Yes	2013-12-01	175.1	21.1	1.4	1.2	17.5	1.8	5.7	32.0	11.45	13-73
MVP Disc Sports	Shock	Fairway	8.0	5.0	0.0	2.5	Yes	2013-01-15	175.1	21.1	1.6	1.1	17.2	1.9	5.2	29.75	12.13	13-05
MVP Disc Sports	Signal	Fairway	6.0	5.0	-3.0	1.0	Yes	2016-02-02	175.1	21.1	1.5	1.2	17.7	1.2	5.7	35.5	11.11	16-08
MVP Disc Sports	Spin	Putter	2.5	4.0	-2.0	0.0	Yes	2016-01-20	174.3	21.0	1.9	1.5	18.8	1.1	7.1	60.75	7.37	16-06
MVP Disc Sports	Switch	Fairway	6.5	5.0	-1.5	1.0	Yes	2014-02-10	175.1	21.1	1.4	1.2	17.5	1.8	5.7	31.0	10.66	14-08
MVP Disc Sports	Tangent	Midrange	4.0	4.0	-0.5	0.5	Yes	2013-02-22	178.5	21.5	2.1	1.3	19.1	1.2	6.0	54.5	7.94	13-15
MVP Disc Sports	Teleport	Distance	14.5	5.0	-1.5	2.5	Yes	2017-04-13	175.1	21.1	1.9	1.2	16.0	2.5	5.7	27.75	11.11	17-53
MVP Disc Sports	Tensor	Midrange	4.0	4.0	0.0	2.5	Yes	2013-04-19	178.5	21.5	2.0	1.3	19.1	1.2	6.0	46.75	7.82	13-29
MVP Disc Sports	Tesla	Distance	9.0	5.0	-1.0	2.0	Yes	2014-02-22	174.3	21.0	1.4	1.2	17.0	2.0	5.7	26.5	11.68	14-14
MVP Disc Sports	Vector	Midrange	5.0	4.0	0.0	2.0	Yes	2010-12-18	180.1	21.7	2.1	1.3	19.1	1.3	6.0	36.5	4.99	10-42
MVP Disc Sports	Vertex	Midrange	4.0	4.0	-2.0	0.5	Yes	2017-08-19	178.5	21.5	1.9	1.3	19.0	1.2	6.0	46.75	7.48	17-92
MVP Disc Sports	Volt	Fairway	8.0	5.0	-0.5	2.0	Yes	2012-07-02	175.1	21.1	1.6	1.1	17.1	2.0	5.2	28.25	10.09	12-33
MVP Disc Sports	Wave	Distance	11.0	5.0	-2.0	2.0	Yes	2015-02-06	175.1	21.1	1.4	1.1	16.6	2.2	5.2	29.25	11.0	15-04
Obsidian Discs	Caldera	Distance	12.0	5.0	-1.0	2.0	Yes	2016-05-10	176.0	21.2	1.7	1.2	16.7	2.3	5.7	26.0	8.62	16-45
Obsidian Discs	Cinder	Fairway	7.0	5.0	0.0	2.0	Yes	2016-09-23	176.0	21.2	2.2	1.3	17.5	1.9	6.1	30.25	9.64	16-67
Obsidian Discs	Rift	Distance	11.0	5.0	0.0	3.0	Yes	2018-05-09	176.0	21.2	1.5	1.2	17.0	2.1	5.7	29.0	10.32	18-40
Obsidian Discs	Shard	Fairway	7.0	5.0	-1.5	1.0	Yes	2018-10-01	176.0	21.2	1.5	1.2	17.4	1.9	5.7	28.0	9.19	18-66
Obsidian Discs	Splinter	Putter	3.0	2.0	0.0	3.5	Yes	2014-09-17	176.8	21.3	2.4	1.5	19.2	1.0	7.0	71.25	7.82	14-72
Ozone Discs	Andro C (retooled)	Fairway	6.0	4.0	-2.0	1.0	Yes	2016-11-10	179.3	21.6	1.5	1.3	18.6	1.5	6.0	31.25	3.4	16-73
Ozone Discs	Hyperion	Distance	11.0	4.0	0.0	4.0	Yes	2017-11-07	174.3	21.0	1.6	1.1	16.7	2.2	5.2	26.0	9.19	17-120
Plastic Addicts	Habit	Putter	3.0	5.0	-1.0	0.0	Yes	2016-04-06	183.4	22.1	2.1	1.6	20.1	1.0	7.2	63.25	4.76	16-27
Plastic Addicts	Intervention	Distance	12.0	5.0	-1.0	4.0	Yes	2016-04-06	176.0	21.2	1.3	1.1	16.7	2.3	5.2	30.5	7.03	16-28
Prodiscus	FASTi	Distance	13.0	4.0	-2.0	3.0	Yes	2016-12-19	175.1	21.1	1.6	1.1	17.1	2.3	5.2	26.75	10.66	16-81
Prodiscus	Jokeri	Putter	4.0	3.0	0.0	2.0	Yes	2010-10-27	176.8	21.3	1.8	1.5	19.0	1.1	7.0	54.0	6.92	10-34
Prodiscus	Laseri	Fairway	7.0	3.0	-3.0	2.0	Yes	2013-03-04	175.1	21.1	1.6	1.1	17.2	1.9	5.2	32.25	6.24	13-20
Prodiscus	Legenda	Distance	13.0	5.0	-1.0	2.0	Yes	2011-10-25	174.3	21.0	1.5	1.1	16.3	2.4	5.2	26.75	5.44	11-38
Prodiscus	Midari	Midrange	5.0	4.0	-1.0	2.0	Yes	2011-07-15	179.3	21.6	1.8	1.5	18.8	1.4	6.9	37.5	4.88	11-33
Prodiscus	Razeri	Distance	12.0	5.0	0.0	3.0	Yes	2015-02-06	175.1	21.1	1.5	1.1	16.4	2.3	5.2	27.25	9.41	15-27
Prodiscus	Respecti	Fairway	8.0	4.0	0.0	2.0	Yes	2011-03-09	174.3	21.0	1.8	1.3	17.2	1.9	6.2	33.25	7.03	11-10
Prodiscus	Rocket	Fairway	9.0	4.0	0.0	3.0	Yes	2015-05-28	176.0	21.2	1.7	1.3	17.3	1.9	6.1	30.0	8.62	15-55
Prodiscus	Slaidi	Distance	12.0	5.0	0.0	3.0	Yes	2012-09-12	175.1	21.1	2.0	1.2	16.8	2.2	5.7	30.5	7.71	12-35
Prodiscus	Sparta	Putter	3.0	3.0	0.0	0.5	Yes	2014-10-21	176.8	21.3	2.0	1.6	19.2	1.0	7.5	59.75	5.78	14-82
Prodiscus	Titan	Distance	10.0	4.0	0.0	3.0	Yes	2014-11-13	176.0	21.2	1.6	1.2	17.3	1.9	5.7	32.75	9.53	14-88
Reptilian Disc Golf	Gila	Midrange	5.0	4.0	0.0	3.0	Yes	2017-08-19	174.3	21.0	1.6	1.2	19.2	1.4	5.7	36.5	11.23	17-91
Reptilian Disc Golf	Scale	Putter	2.0	1.0	0.0	3.0	Yes	2014-12-18	174.3	21.0	2.2	1.5	19.0	1.0	7.1	68.0	10.43	14-92
Reptilian Disc Golf	Serpent	Putter	2.0	2.0	0.0	0.0	Yes	2015-02-06	174.3	21.0	2.2	1.5	19.1	1.0	7.1	86.75	4.88	15-16
Reptilian Disc Golf	Stego	Putter	3.0	1.0	1.0	4.0	Yes	2016-04-06	176.8	21.3	1.8	1.2	19.3	1.0	5.6	74.0	9.19	16-29
Reptilian Disc Golf	Tyrant	Fairway	7.0	3.0	0.0	2.5	Yes	2016-06-16	176.0	21.2	1.4	1.1	17.6	1.8	5.2	28.0	8.62	16-57
RPM Discs/Disc Golf Aotearoa	Kahu (DGD2)	Distance	13.0	5.0	-1.5	3.0	Yes	2015-01-28	174.3	21.0	1.5	1.1	16.2	2.4	5.2	31.5	10.87	15-21
RPM Discs/Disc Golf Aotearoa	Kea (MR2)	Fairway	10.0	5.0	-2.0	2.0	Yes	2018-02-26	176.0	21.2	1.9	1.4	18.0	1.4	6.6	62.75	11.11	18-37
RPM Discs/Disc Golf Aotearoa	Kiwi (DGD1, former Raptor)	Distance	10.0	5.0	-1.0	2.0	Yes	2006-08-23	175.1	21.1	1.4	1.2	17.1	2.0	5.7	26.25	8.05	06-34
RPM Discs/Disc Golf Aotearoa	Ruru (PA2)	Putter	3.0	3.0	0.0	1.0	Yes	2016-12-29	174.3	21.0	2.3	1.6	18.9	1.0	7.6	72.75	8.28	16-85
RPM Discs/Disc Golf Aotearoa	Temoko (DGR2)	Midrange	3.0	4.0	0.0	0.0	Yes	2006-08-23	196.7	23.7	2.9	2.3	22.3	0.7	9.7	74.5	9.53	06-36
RPM Discs/Disc Golf Aotearoa	Tui (PA1)	Putter	3.0	4.0	-1.0	0.0	Yes	2006-08-23	175.1	21.1	1.8	1.4	19.3	0.9	6.6	44.25	4.76	06-35
Skyquest Discs	Chainzilla	Putter	2.0	3.0	-1.0	1.0	Yes	2014-10-17	176.0	21.2	2.2	1.7	19.2	1.0	8.0	56.0	4.42	14-80
Skyquest Discs	L13 (retooled)	Distance	10.0	5.0	-3.0	2.0	Yes	2012-03-25	175.1	21.1	1.5	1.1	16.9	2.1	5.2	26.75	6.35	12-17
Skyquest Discs	Medusa	Distance	11.0	5.0	-2.0	2.0	Yes	2011-03-21	176.0	21.2	1.5	1.1	17.0	2.1	5.2	29.25	5.33	11-13
Storm Disc Golf	Jet Stream	Distance	12.0	5.0	-1.0	3.0	Yes	2018-10-01	174.3	21.0	1.7	1.2	16.5	2.3	5.7	26.5	8.28	18-68
Storm Disc Golf	The Crater	Putter	3.0	2.0	0.0	3.0	Yes	2018-10-01	175.1	21.1	1.8	1.3	19.0	1.1	6.2	79.25	7.71	18-69
Storm Disc Golf	The Eye	Midrange	5.0	5.0	-1.0	1.0	Yes	2018-10-01	181.8	21.9	1.8	1.2	19.0	1.4	5.5	46.75	8.96	18-70
TOBU Discs	Charge	Fairway	9.0	4.0	-1.0	2.0	Yes	2015-05-28	175.1	21.1	1.5	1.1	17.6	1.7	5.2	27.0	8.39	15-56
TOBU Discs	Power Roller (renamed from Kyng Roller)	Fairway	8.0	4.0	-3.0	1.0	Yes	2015-08-17	175.1	21.1	1.4	1.1	17.5	1.8	5.2	29.5	7.94	15-63
UB Disc Golf	Lex	Putter	2.0	3.0	0.0	1.0	Yes	2014-05-13	177.6	21.4	2.1	1.6	19.6	0.9	7.5	77.0	4.54	14-43
Viking Discs	Axe	Midrange	4.0	3.0	0.0	1.0	Yes	2016-12-29	176.0	21.2	2.0	1.3	19.2	1.0	6.1	57.0	8.16	16-86
Viking Discs	Barbarian	Fairway	7.0	5.0	0.0	2.0	Yes	2017-10-08	176.8	21.3	1.8	1.2	17.6	1.9	5.6	35.75	11.68	17-113
Viking Discs	Berserker	Distance	10.0	5.0	-4.0	1.0	Yes	2017-01-17	176.0	21.2	1.7	1.2	17.0	2.1	5.7	28.75	9.53	17-01
Viking Discs	Cosmos	Fairway	7.0	5.0	-2.0	1.0	Yes	2016-12-29	174.3	21.0	1.6	1.1	17.4	1.8	5.2	28.5	9.41	16-87
Viking Discs	Knife	Putter	2.0	3.0	0.0	2.0	Yes	2016-12-29	175.1	21.1	1.9	1.3	19.1	1.0	8.5	58.75	10.32	16-88
Viking Discs	Loki	Midrange	4.0	2.0	0.0	4.0	Yes	2017-10-08	177.6	21.4	1.9	1.3	18.5	1.5	6.1	44.5	8.62	17-114
Viking Discs	Nordic Warrior	Midrange	4.0	4.0	0.0	2.0	Yes	2017-01-17	178.5	21.5	2.0	1.4	18.7	1.4	6.5	36.0	12.25	17-04
Viking Discs	Ragnarok	Distance	11.0	5.0	-2.0	1.0	Yes	2017-03-08	176.0	21.2	2.1	1.1	16.9	2.1	5.2	27.75	9.53	17-26
Viking Discs	Rune	Putter	2.0	4.0	0.0	0.0	Yes	2017-01-17	176.0	21.2	2.1	1.6	19.0	1.1	7.5	55.5	9.07	17-02
Viking Discs	Thunder God Thor	Distance	14.0	5.0	0.0	2.0	Yes	2017-01-17	174.3	21.0	1.7	1.2	16.0	2.5	5.7	28.0	12.02	17-03
Viking Discs	Valhalla	Distance	12.0	5.0	0.0	2.0	Yes	2017-10-08	176.8	21.3	2.0	1.2	16.8	2.2	5.6	28.0	8.96	17-115
Westside Golf Discs	Ahti	Fairway	9.0	3.0	0.0	4.0	Yes	2017-03-23	176.0	21.2	1.7	1.1	17.2	2.0	5.2	28.75	9.98	17-34
Westside Golf Discs	Anvil	Midrange	4.0	2.0	0.0	4.0	Yes	2018-02-08	176.8	21.3	1.8	1.2	18.3	1.5	5.6	41.75	11.57	18-18
Westside Golf Discs	Bard (Laulaja1)	Midrange	5.0	4.0	0.0	3.0	Yes	2015-02-06	180.1	21.7	1.9	1.3	18.8	1.5	6.0	42.5	7.14	15-11
Westside Golf Discs	Boatman (Tuonelan Lautturi1)	Distance	11.0	5.0	0.0	2.0	Yes	2011-03-21	177.6	21.4	1.9	1.3	17.0	2.2	6.1	29.5	10.32	11-12
Westside Golf Discs	Boatman VIP Air (VIP Air Tuonelan Lautturi1)	Distance	11.0	5.0	0.0	2.0	Yes	2014-03-24	177.6	21.4	1.9	1.3	17.0	2.2	6.1	29.5	10.66	14-24
Westside Golf Discs	Catapult (Katapultt1)	Distance	14.0	4.0	-0.5	3.0	Yes	2016-02-25	175.1	21.1	1.6	1.1	16.6	2.3	5.2	27.0	10.87	16-17
Westside Golf Discs	Crown (Kruunu1)	Putter	3.0	4.0	0.0	1.0	Yes	2017-02-22	176.0	21.2	2.0	1.4	19.2	1.0	6.6	54.0	12.02	17-18
Westside Golf Discs	Destiny (Kohtalo1)	Distance	14.0	6.0	-2.0	3.0	Yes	2016-02-25	176.0	21.2	1.6	1.1	16.6	2.3	5.2	28.5	10.66	16-18
Westside Golf Discs	Fortress (Linnoitus1)	Fairway	10.0	4.0	0.0	3.0	Yes	2017-03-23	176.0	21.2	1.5	1.1	17.2	2.0	5.2	28.0	9.64	17-35
Westside Golf Discs	Giant (Vipunen1)	Distance	13.0	4.0	0.0	3.5	Yes	2012-03-25	175.1	21.1	1.7	1.2	16.6	2.3	5.7	29.25	10.89	12-16
Westside Golf Discs	Giant VIP Air (VIP Air Vipunen1)	Distance	13.0	4.0	0.0	3.5	Yes	2013-03-10	175.1	21.1	1.7	1.2	16.6	2.3	5.7	29.25	10.43	13-22
Westside Golf Discs	Harp (Kannel1)	Midrange	4.0	3.0	0.0	3.0	Yes	2013-10-28	176.0	21.2	1.6	1.4	19.0	1.1	6.6	65.0	11.79	13-67
Westside Golf Discs	Hatchet (Sotakipves1)	Fairway	9.0	6.0	-2.0	1.0	Yes	2013-10-28	176.8	21.3	2.0	1.2	17.6	1.9	5.6	27.0	8.96	13-68
Westside Golf Discs	King (Pohjolan Isäntä1)	Distance	14.0	5.0	-1.5	3.0	Yes	2010-11-16	175.1	21.1	1.9	1.1	16.5	2.3	5.2	29.25	10.55	10-36
Westside Golf Discs	King VIP Air (VIP Air Pohjolan Isäntä1)	Distance	14.0	5.0	-1.5	3.0	Yes	2012-10-30	176.0	21.2	1.8	1.1	16.5	2.3	5.2	29.25	8.39	12-43
Westside Golf Discs	Longbowman (Jousimies1)	Fairway	9.0	4.0	0.0	3.0	Yes	2016-02-25	176.8	21.3	1.6	1.1	17.7	1.8	5.2	36.0	10.77	16-19
Westside Golf Discs	Maiden	Putter	3.0	4.0	0.0	1.0	Yes	2018-02-08	176.0	21.2	1.8	1.3	19.2	1.0	6.1	57.75	11.79	18-19
Westside Golf Discs	Northman (Pohjan Poika1)	Fairway	10.0	5.0	-1.0	2.0	Yes	2009-12-03	178.5	21.5	1.7	1.1	17.5	2.0	5.1	28.25	9.64	09-29
Westside Golf Discs	Northman VIP Air (VIP Air Pohjan Poika1)	Fairway	10.0	5.0	-1.0	2.0	Yes	2014-03-24	177.6	21.4	2.0	1.1	17.4	2.0	5.1	28.25	8.96	14-25
Westside Golf Discs	Pine (Hornan Honka1)	Midrange	5.0	4.0	0.0	2.0	Yes	2017-03-23	180.1	21.7	1.9	1.3	18.7	1.5	6.0	39.75	8.28	17-36
Westside Golf Discs	Queen (Pohjolan Emäntä1)	Distance	14.0	5.0	-3.0	2.0	Yes	2016-09-14	176.0	21.2	1.5	1.1	16.6	2.3	5.2	29.5	9.19	16-66
Westside Golf Discs	Sampo	Fairway	10.0	4.0	-1.0	2.0	Yes	2015-05-20	176.0	21.2	1.9	1.2	17.0	2.1	5.7	34.75	7.14	15-51
Westside Golf Discs	Seer (Ennustaja1)	Fairway	7.0	5.0	-2.0	1.0	Yes	2015-02-06	176.0	21.2	1.8	1.1	17.7	1.8	5.2	42.5	7.6	15-12
Westside Golf Discs	Shield (Kilpi1)	Putter	3.0	3.0	0.0	1.0	Yes	2014-03-24	175.1	21.1	2.5	1.4	19.0	1.0	6.6	67.0	5.33	14-26
Westside Golf Discs	Sling (Linko1)	Midrange	5.0	5.0	0.0	1.0	Yes	2016-02-25	180.9	21.8	1.8	1.2	19.3	1.3	5.5	41.0	8.39	16-20
Westside Golf Discs	Stag (Hiiden Hirvi1)	Fairway	8.0	6.0	-1.0	2.0	Yes	2012-10-30	176.0	21.2	1.8	1.2	17.4	1.9	5.7	29.25	9.3	12-40
Westside Golf Discs	Stag VIP Air (VIP Air Hiiden Hirvi1)	Fairway	8.0	6.0	-1.0	2.0	Yes	2013-03-10	175.1	21.1	1.8	1.2	17.3	1.9	5.7	29.25	8.85	13-23
Westside Golf Discs	Sorcerer (Tietäjä1)	Distance	13.0	5.0	-0.5	3.0	Yes	2013-10-28	176.0	21.2	1.6	1.1	16.7	2.3	5.2	32.25	9.64	13-69
Westside Golf Discs	Swan (Tuonelan Joutsen1)	Putter	3.0	3.0	-1.0	0.0	Yes	2010-06-01	175.1	21.1	2.0	1.4	19.0	1.1	6.6	58.5	5.44	10-15
Westside Golf Discs	Swan (retooled, Tuonelan Joutsen1)	Putter	3.0	3.0	-1.0	0.0	Yes	2010-10-12	175.1	21.1	1.9	1.4	19.0	1.1	6.6	55.75	7.82	10-32
Westside Golf Discs	Swan Reborn (Tuonelan Joutsen1)	Putter	3.0	3.0	-2.5	0.0	Yes	2015-02-06	175.1	21.1	1.9	1.3	18.9	1.1	6.2	52.5	2.83	15-23
Westside Golf Discs	Sword (Kalevan Miekka1)	Distance	12.0	5.0	-0.5	2.0	Yes	2011-05-06	176.0	21.2	1.8	1.2	16.8	2.2	5.7	28.75	9.41	11-19
Westside Golf Discs	Sword VIP Air (VIP Air Kalevan Miekka1)	Distance	12.0	5.0	-0.5	2.0	Yes	2013-03-10	175.1	21.1	1.7	1.2	16.7	2.2	5.7	28.75	8.96	13-24
Westside Golf Discs	Tursas (Tursas1)	Midrange	5.0	5.0	-2.0	1.0	Yes	2012-10-30	180.1	21.7	1.7	1.3	18.9	1.4	6.0	42.5	7.82	12-41
Westside Golf Discs	Tursas VIP Air (VIP Air Tursas1)	Midrange	5.0	5.0	-2.0	1.0	Yes	2014-03-24	179.3	21.6	1.7	1.3	18.8	1.4	6.0	42.5	8.73	14-27
Westside Golf Discs	Underworld (Manala1)	Fairway	7.0	6.0	-3.0	1.0	Yes	2012-10-30	176.8	21.3	1.8	1.2	17.4	1.9	5.6	30.25	8.39	12-42
Westside Golf Discs	Underworld VIP Air (VIP Air Manala1)	Fairway	7.0	6.0	-3.0	1.0	Yes	2014-03-24	176.8	21.3	1.6	1.2	17.4	1.9	5.6	30.25	8.85	14-28
Westside Golf Discs	War Horse	Distance	13.0	4.0	0.0	4.0	Yes	2018-02-08	175.1	21.1	1.6	1.2	16.6	2.2	5.7	28.0	12.02	18-20
Westside Golf Discs	Warship (Pursi1)	Midrange	5.0	6.0	0.0	1.0	Yes	2011-12-11	180.1	21.7	2.1	1.3	18.9	1.4	6.0	31.0	8.05	11-47
Westside Golf Discs	Warship VIP Air (VIP Air Pursi1)	Midrange	5.0	6.0	0.0	1.0	Yes	2013-03-10	180.1	21.7	1.9	1.3	18.9	1.4	6.0	31.0	7.37	13-25
Westside Golf Discs	World (Maailma1)	Distance	14.0	4.0	-0.5	3.0	Yes	2013-10-28	176.0	21.2	1.6	1.2	16.3	2.4	5.7	28.0	10.55	13-70
Yikun Sports	Claws (爪)	Putter	1.0	2.0	0.0	0.0	Yes	2014-03-09	176.0	21.2	2.0	1.7	19.4	0.9	8.0	85.0	7.14	14-17
Yikun Sports	Crossbow (Nu, 连弩)	Midrange	4.0	2.0	0.5	4.0	Yes	2018-08-16	176.8	21.3	1.6	1.3	18.2	1.6	6.1	42.75	9.64	18-62
Yikun Sports	Da'e (大鹗)	Distance	13.0	5.0	0.0	2.0	Yes	2014-05-13	174.3	21.0	1.7	1.1	16.2	2.4	5.2	27.5	11.57	14-44
Yikun Sports	Gou (天狗)	Fairway	8.0	5.0	-4.0	1.0	Yes	2014-05-13	176.8	21.3	1.8	1.2	17.4	1.9	5.6	33.75	10.87	14-45
Yikun Sports	Gui (旋龟)	Putter	2.0	3.0	0.0	2.0	Yes	2014-03-09	175.1	21.1	1.8	1.5	19.1	1.0	7.1	59.0	8.39	14-18
Yikun Sports	Hammer (Chui, 战锤)	Putter	2.0	3.0	0.0	3.0	Yes	2018-08-16	175.1	21.1	1.7	1.4	18.5	1.3	6.6	56.25	11.11	18-63
Yikun Sports	Hu (九尾狐)	Fairway	9.0	5.0	-2.5	2.0	Yes	2014-05-13	176.0	21.2	1.8	1.1	17.4	1.9	5.2	31.75	11.34	14-46
Yikun Sports	Jiao (狡)	Fairway	6.0	5.0	-2.5	1.5	Yes	2014-08-26	176.0	21.2	1.6	1.1	18.0	1.6	5.2	32.0	5.56	14-68
Yikun Sports	Jun (鵕鸟)	Distance	11.0	5.0	-1.0	2.0	Yes	2014-05-13	175.1	21.1	2.0	1.2	16.8	2.1	5.7	29.75	11.91	14-47
Yikun Sports	Kui (夔牛)	Midrange	5.0	5.0	0.0	2.0	Yes	2017-09-24	176.0	21.2	2.1	1.3	17.9	1.6	6.1	35.75	9.64	17-103
Yikun Sports	Lu (Luan, 鸾鸟)	Distance	14.0	5.0	-1.0	3.0	Yes	2017-09-24	176.0	21.2	1.4	1.1	16.4	2.4	5.2	31.25	7.94	17-104
Yikun Sports	Twin Swords (双刃剑)	Distance	12.0	5.0	0.0	2.0	Yes	2018-01-19	176.0	21.2	1.9	1.2	16.4	2.4	5.7	26.5	8.05	18-02
Yikun Sports	View (视)	Fairway	6.0	4.0	-1.0	2.0	Yes	2013-01-16	175.1	21.1	2.0	1.2	17.6	1.7	5.7	32.75	9.98	13-76
Yikun Sports	Wei (精卫)	Distance	10.0	5.0	-2.5	2.0	Yes	2014-08-26	175.1	21.1	1.7	1.1	17.1	2.0	5.2	30.25	10.55	14-69
Yikun Sports	Wings (翼)	Midrange	3.0	3.0	0.0	2.0	Yes	2014-03-09	176.0	21.2	1.8	1.2	19.2	1.0	5.7	56.75	7.48	14-19
Yikun Sports	Yao (文鳐鱼)	Midrange	4.0	4.0	0.0	2.0	Yes	2013-11-01	179.3	21.6	1.9	1.4	18.8	1.4	6.5	39.75	12.02	13-72
Axiom Discs	Pyro	Midrange	5.0	4.0	0.0	2.5	Yes	2019-02-13	178.5	21.5	1.6	1.3	18.4	1.6	6.0	42.25	12.05	19-14
Millennium	Falcon	Distance	13.0	5.0	0.0	0.3	Yes	2019-03-20	175.1	21.1	1.4	1.1	16.3	2.4	5.2	30.25	12.25	19-22
Gateway Disc Sports	Blade	Fairway	9.0	5.0	0.0	3.0	Yes	2019-02-13	176.8	21.3	1.5	1.1	17.3	2.0	5.2	34.0	11.71	19-11
Gateway Disc Sports	Spear	Fairway	9.0	6.0	-2.0	1.0	Yes	2019-02-13	176.0	21.2	1.4	1.1	17.3	2.0	5.2	31.25	11.93	19-12
Disc Golf UK	The Duke	Midrange	5.5	4.0	0.0	3.5	Yes	2019-02-13	178.5	21.5	1.9	1.4	18.1	1.7	6.5	35.25	11.14	19-13
Dynamic Discs	Raider	Distance	13.0	5.0	-1.0	3.0	Yes	2019-02-27	176.0	21.2	1.5	1.1	16.3	2.3	5.2	29.25	11.14	19-18
MVP Disc Sports	Entropy	Putter	3.0	3.0	0.0	4.0	Yes	2019-02-27	176.0	21.2	2.0	1.4	18.8	1.2	6.6	31.75	11.7	19-20
Disc Golf UK	The Baron	Midrange	4.0	3.0	0.0	2.5	Yes	2019-03-20	176.0	21.2	2.0	1.6	18.7	2.3	7.5	62.25	10.68	19-23
Storm Disc Golf	Abyss	Fairway	8.0	5.0	0.0	3.0	Yes	2019-04-03	175.1	21.1	1.6	1.1	17.1	2.0	5.2	31.75	11.82	19-35
Discmania	Mentor (originally Sea Serpent)	Distance	12.0	5.0	-2.0	2.0	Yes	2019-04-03	176.0	21.2	1.8	1.2	17.9	2.1	5.7	39.75	11.59	19-32
Discmania	Magician (originally Fox Spirit)	Midrange	6.0	4.0	0.0	2.0	Yes	2019-04-03	176.0	21.2	1.8	1.3	17.9	1.6	6.1	39.75	11.59	19-30
Discmania	Instinct (150-175g)	Fairway	8.0	5.0	0.0	2.0	Yes	2019-02-27	176.0	21.2	1.9	1.1	17.6	1.8	5.2	32.25	11.36	19-19
Discmania	Genius (originally Sun Crow)	Fairway	8.0	5.0	-4.0	1.0	Yes	2019-04-03	175.1	21.1	1.7	1.2	17.7	1.7	5.7	29.5	12.15	19-34
Discmania	Maestro (originally Spring Ox)	Midrange	4.0	3.0	0.0	2.0	Yes	2019-04-03	176.8	21.3	1.7	1.3	19.2	1.0	6.1	55.25	9.43	19-33
Discmania	Guardian Lion	Putter	1.0	3.0	0.0	1.0	Yes	2019-04-03	176.0	21.2	1.8	1.4	19.1	1.0	6.6	59.25	10.68	19-31
Discmania	DD3 (retest)	Distance	12.0	5.0	-1.0	3.0	Yes	2019-04-17	175.1	21.1	1.7	1.1	16.3	2.4	5.7	26.25	12.13	19-38
Streamline	Lift	Fairway	9.0	5.0	-2.0	1.5	Yes	2019-04-17	176.0	21.2	1.7	1.2	17.2	2.0	5.7	28.0	11.93	19-36
Tokyo Discs	Rei (零)	Putter	2.0	5.0	0.0	1.0	Yes	2019-04-17	174.3	21.0	2.1	1.4	18.7	1.1	6.7	50.75	8.18	19-37
Prodigy	MX-3	Midrange	5.0	4.0	0.0	2.0	Yes	2019-05-07	180.1	21.7	1.9	1.3	18.9	1.4	6.0	32.75	6.48	19-42
Above Ground Level	Magnolia	Midrange	5.0	4.0	0.0	2.0	Yes	2019-02-13	180.9	21.8	2.0	1.2	19.0	1.4	5.5	45.5	10.23	19-16
Discmania	Method	Midrange	5.0	5.0	0.0	3.0	Yes	2019-05-01	180.1	21.7	1.9	1.4	19.0	1.3	6.5	44.0	10.23	19-39
Millennium	Draco	Fairway	9.0	5.0	0.0	3.0	Yes	2019-05-01	176.0	21.2	1.4	1.2	17.3	1.9	5.7	35.5	11.14	19-40
Infinite Discs	Scarab	Putter	2.0	4.0	0.0	1.0	Yes	2019-04-03	176.0	21.2	2.1	1.5	19.2	1.0	7.1	62.5	11.02	19-28
Infinite Discs	Scepter	Fairway	9.0	3.0	0.0	4.0	Yes	2019-04-03	176.0	21.2	1.4	1.1	17.3	1.9	5.2	28.25	10.45	19-29
Discmania	Enigma	Distance	13.0	5.0	-1.0	3.0	Yes	2019-05-23	175.1	21.1	1.6	1.1	16.6	2.2	5.2	27.75	11.25	19-45
Mint Discs	Profit	Putter	3.0	3.0	0.0	1.0	Yes	2019-05-23	175.1	21.1	1.9	1.6	18.9	1.1	7.6	65.75	9.66	19-44
Axiom Discs	Delirium	Distance	14.5	5.0	-0.5	3.0	Yes	2019-05-23	175.1	21.1	1.8	1.2	16.0	2.5	5.7	27.0	11.14	19-47
Discmania	Link	Putter	2.0	3.0	0.0	1.0	Yes	2019-05-23	176.0	21.2	1.9	1.5	19.1	1.0	7.0	71.0	7.84	19-46
Black Zombie Disc Golf	Flame Thrower	Distance	11.5	6.0	-2.0	2.0	Yes	2019-06-04	179.3	21.6	1.7	1.2	17.2	2.2	5.6	30.0	10.11	19-48
Yikun Sports	Tomahawk (八卦钺)	Midrange	5.0	6.0	0.0	0.0	Yes	2019-06-19	179.3	21.6	1.9	1.3	19.0	1.3	6.0	34.75	9.55	19-52
Yikun Sports	Meteor Hammer (流星锤)	Putter	2.0	3.0	0.0	0.0	Yes	2019-06-19	176.0	21.2	2.0	1.5	19.2	1.0	7.1	52.5	8.64	19-51
Discraft	Anax	Fairway	10.0	6.0	0.0	3.0	Yes	2019-06-19	177.6	21.4	1.7	1.2	17.5	1.9	5.6	29.75	10.45	19-50
Above Ground Level	Sycamore	Fairway	7.0	5.0	0.0	1.0	Yes	2019-07-10	176.0	21.2	2.2	1.3	17.8	1.7	6.1	32.25	10.8	19-56
Infinite Discs	Cohort	Putter	3.5	4.0	0.0	1.0	Yes	2019-07-10	175.1	21.1	1.8	1.3	19.1	1.0	6.2	58.5	6.25	19-54
Infinite Discs	Centurion	Fairway	7.0	5.0	-1.0	1.5	Yes	2019-07-10	175.1	21.1	1.8	1.2	17.8	1.7	5.7	37.0	8.75	19-53
Disc Golf Association	Rift	Midrange	5.0	4.0	-1.0	1.5	Yes	2019-08-01	179.3	21.6	1.8	1.3	18.6	1.5	6.0	47.0	9.89	19-58
Storm Disc Golf	Radar	Putter	2.0	5.0	0.0	0.5	Yes	2019-09-05	175.1	21.1	2.0	1.5	19.1	1.0	7.1	55.5	8.41	19-62
Discraft	Malta (Paul McBeth Proto Mid-Range)	Midrange	5.0	4.0	1.0	3.0	Yes	2019-09-12	176.8	21.3	1.7	1.3	18.6	1.3	6.1	45.0	10.34	19-64
Mint Discs	Freetail	Distance	10.0	5.0	-3.0	2.0	Coming Soon	2019-09-16	175.1	21.1	1.7	1.2	17.1	2.0	5.7	37.75	11.25	19-63
